Country,Year,Month,MonthlyNewCases,MonthlyNewDeaths,Percent
Afghanistan,2020,4,1952.0,60.0,3.074
Afghanistan,2020,5,13081.0,194.0,1.483
Afghanistan,2020,6,16299.0,494.0,3.031
Afghanistan,2020,7,5158.0,532.0,10.314
Afghanistan,2020,8,1494.0,119.0,7.965
Afghanistan,2020,9,1109.0,57.0,5.14
Afghanistan,2020,10,2157.0,78.0,3.616
Afghanistan,2020,11,4849.0,257.0,5.3
Afghanistan,2020,12,5252.0,396.0,7.54
Afghanistan,2021,1,3497.0,209.0,5.977
Afghanistan,2021,2,691.0,43.0,6.223
Afghanistan,2021,3,740.0,41.0,5.541
Afghanistan,2021,4,3291.0,141.0,4.284
Albania,2020,4,530.0,16.0,3.019
Albania,2020,5,364.0,2.0,0.549
Albania,2020,6,1398.0,29.0,2.074
Albania,2020,7,2741.0,95.0,3.466
Albania,2020,8,4237.0,127.0,2.997
Albania,2020,9,4136.0,103.0,2.49
Albania,2020,10,7226.0,122.0,1.688
Albania,2020,11,17307.0,301.0,1.739
Albania,2020,12,20134.0,371.0,1.843
Albania,2021,1,19811.0,199.0,1.004
Albania,2021,2,29040.0,416.0,1.433
Albania,2021,3,17990.0,439.0,2.44
Albania,2021,4,5928.0,159.0,2.682
Algeria,2020,4,3290.0,406.0,12.34
Algeria,2020,5,5388.0,203.0,3.768
Algeria,2020,6,4513.0,259.0,5.739
Algeria,2020,7,16487.0,298.0,1.807
Algeria,2020,8,14100.0,300.0,2.128
Algeria,2020,9,7036.0,226.0,3.212
Algeria,2020,10,6412.0,228.0,3.556
Algeria,2020,11,25257.0,467.0,1.849
Algeria,2020,12,16411.0,325.0,1.98
Algeria,2021,1,7729.0,135.0,1.747
Algeria,2021,2,5753.0,92.0,1.599
Algeria,2021,3,4100.0,110.0,2.683
Algeria,2021,4,4916.0,160.0,3.255
Andorra,2020,4,369.0,30.0,8.13
Andorra,2020,5,19.0,9.0,47.368
Andorra,2020,6,91.0,1.0,1.099
Andorra,2020,7,70.0,0.0,0.0
Andorra,2020,8,251.0,1.0,0.398
Andorra,2020,9,874.0,0.0,0.0
Andorra,2020,10,2706.0,22.0,0.813
Andorra,2020,11,1989.0,1.0,0.05
Andorra,2020,12,1304.0,8.0,0.613
Andorra,2021,1,1888.0,17.0,0.9
Andorra,2021,2,929.0,9.0,0.969
Andorra,2021,3,1144.0,5.0,0.437
Andorra,2021,4,1222.0,10.0,0.818
Angola,2020,4,20.0,0.0,0.0
Angola,2020,5,59.0,2.0,3.39
Angola,2020,6,198.0,9.0,4.545
Angola,2020,7,864.0,39.0,4.514
Angola,2020,8,1506.0,56.0,3.718
Angola,2020,9,2318.0,75.0,3.236
Angola,2020,10,5833.0,101.0,1.732
Angola,2020,11,4334.0,64.0,1.477
Angola,2020,12,2414.0,57.0,2.361
Angola,2021,1,2243.0,61.0,2.72
Angola,2021,2,1011.0,42.0,4.154
Angola,2021,3,1504.0,29.0,1.928
Angola,2021,4,4341.0,59.0,1.359
Antigua and Barbuda,2020,4,17.0,3.0,17.647
Antigua and Barbuda,2020,5,2.0,0.0,0.0
Antigua and Barbuda,2020,6,43.0,0.0,0.0
Antigua and Barbuda,2020,7,22.0,0.0,0.0
Antigua and Barbuda,2020,8,3.0,0.0,0.0
Antigua and Barbuda,2020,9,7.0,0.0,0.0
Antigua and Barbuda,2020,10,27.0,0.0,0.0
Antigua and Barbuda,2020,11,13.0,1.0,7.692
Antigua and Barbuda,2020,12,18.0,1.0,5.556
Antigua and Barbuda,2021,1,75.0,2.0,2.667
Antigua and Barbuda,2021,2,496.0,7.0,1.411
Antigua and Barbuda,2021,3,406.0,14.0,3.448
Antigua and Barbuda,2021,4,96.0,4.0,4.167
Argentina,2020,4,3374.0,191.0,5.661
Argentina,2020,5,12423.0,321.0,2.584
Argentina,2020,6,47679.0,768.0,1.611
Argentina,2020,7,126772.0,2236.0,1.764
Argentina,2020,8,226433.0,5117.0,2.26
Argentina,2020,9,333266.0,8277.0,2.484
Argentina,2020,10,415923.0,14065.0,3.382
Argentina,2020,11,257609.0,7728.0,3.0
Argentina,2020,12,200981.0,4515.0,2.246
Argentina,2021,1,301725.0,4729.0,1.567
Argentina,2021,2,180126.0,3991.0,2.216
Argentina,2021,3,241456.0,3893.0,1.612
Argentina,2021,4,628542.0,8007.0,1.274
Armenia,2020,4,1534.0,29.0,1.89
Armenia,2020,5,7216.0,99.0,1.372
Armenia,2020,6,16260.0,312.0,1.919
Armenia,2020,7,13008.0,295.0,2.268
Armenia,2020,8,5231.0,141.0,2.695
Armenia,2020,9,6578.0,80.0,1.216
Armenia,2020,10,39454.0,382.0,0.968
Armenia,2020,11,45311.0,823.0,1.816
Armenia,2020,12,24285.0,659.0,2.714
Armenia,2021,1,7617.0,257.0,3.374
Armenia,2021,2,5032.0,112.0,2.226
Armenia,2021,3,20581.0,323.0,1.569
Armenia,2021,4,23425.0,593.0,2.531
Australia,2020,4,2207.0,75.0,3.398
Australia,2020,5,436.0,10.0,2.294
Australia,2020,6,718.0,1.0,0.139
Australia,2020,7,9360.0,97.0,1.036
Australia,2020,8,8539.0,456.0,5.34
Australia,2020,9,1277.0,231.0,18.089
Australia,2020,10,499.0,19.0,3.808
Australia,2020,11,317.0,1.0,0.315
Australia,2020,12,513.0,1.0,0.195
Australia,2021,1,393.0,0.0,0.0
Australia,2021,2,160.0,0.0,0.0
Australia,2021,3,344.0,0.0,0.0
Australia,2021,4,489.0,1.0,0.204
Austria,2020,4,5272.0,456.0,8.649
Austria,2020,5,1279.0,84.0,6.568
Austria,2020,6,1035.0,37.0,3.575
Austria,2020,7,3364.0,13.0,0.386
Austria,2020,8,6308.0,15.0,0.238
Austria,2020,9,17375.0,66.0,0.38
Austria,2020,10,60112.0,310.0,0.516
Austria,2020,11,177531.0,2075.0,1.169
Austria,2020,12,78359.0,3038.0,3.877
Austria,2021,1,53583.0,1499.0,2.798
Austria,2021,2,45042.0,840.0,1.865
Austria,2021,3,86789.0,778.0,0.896
Austria,2021,4,72641.0,866.0,1.192
Azerbaijan,2020,4,1506.0,19.0,1.262
Azerbaijan,2020,5,3690.0,39.0,1.057
Azerbaijan,2020,6,12030.0,150.0,1.247
Azerbaijan,2020,7,14354.0,235.0,1.637
Azerbaijan,2020,8,4557.0,86.0,1.887
Azerbaijan,2020,9,3794.0,57.0,1.502
Azerbaijan,2020,10,15040.0,139.0,0.924
Azerbaijan,2020,11,65907.0,662.0,1.004
Azerbaijan,2020,12,97524.0,1249.0,1.281
Azerbaijan,2021,1,11519.0,491.0,4.263
Azerbaijan,2021,2,4318.0,88.0,2.038
Azerbaijan,2021,3,27176.0,347.0,1.277
Azerbaijan,2021,4,57396.0,950.0,1.655
Bahamas,2020,4,67.0,11.0,16.418
Bahamas,2020,5,21.0,0.0,0.0
Bahamas,2020,6,2.0,0.0,0.0
Bahamas,2020,7,470.0,3.0,0.638
Bahamas,2020,8,1643.0,36.0,2.191
Bahamas,2020,9,1906.0,46.0,2.413
Bahamas,2020,10,2591.0,48.0,1.853
Bahamas,2020,11,827.0,19.0,2.297
Bahamas,2020,12,330.0,7.0,2.121
Bahamas,2021,1,303.0,6.0,1.98
Bahamas,2021,2,345.0,3.0,0.87
Bahamas,2021,3,600.0,9.0,1.5
Bahamas,2021,4,1334.0,11.0,0.825
Bahrain,2020,4,2473.0,4.0,0.162
Bahrain,2020,5,8358.0,11.0,0.132
Bahrain,2020,6,15360.0,68.0,0.443
Bahrain,2020,7,14224.0,60.0,0.422
Bahrain,2020,8,10990.0,43.0,0.391
Bahrain,2020,9,18892.0,61.0,0.323
Bahrain,2020,10,10781.0,70.0,0.649
Bahrain,2020,11,5311.0,20.0,0.377
Bahrain,2020,12,5719.0,11.0,0.192
Bahrain,2021,1,10382.0,23.0,0.222
Bahrain,2021,2,19337.0,74.0,0.383
Bahrain,2021,3,22051.0,72.0,0.327
Bahrain,2021,4,32489.0,125.0,0.385
Bangladesh,2020,4,7616.0,163.0,2.14
Bangladesh,2020,5,39486.0,482.0,1.221
Bangladesh,2020,6,98330.0,1197.0,1.217
Bangladesh,2020,7,92178.0,1264.0,1.371
Bangladesh,2020,8,75335.0,1170.0,1.553
Bangladesh,2020,9,50483.0,970.0,1.921
Bangladesh,2020,10,44205.0,672.0,1.52
Bangladesh,2020,11,57248.0,721.0,1.259
Bangladesh,2020,12,48578.0,915.0,1.884
Bangladesh,2021,1,21629.0,568.0,2.626
Bangladesh,2021,2,11077.0,281.0,2.537
Bangladesh,2021,3,65079.0,638.0,0.98
Bangladesh,2021,4,147837.0,2404.0,1.626
Barbados,2020,4,47.0,7.0,14.894
Barbados,2020,5,11.0,0.0,0.0
Barbados,2020,6,5.0,0.0,0.0
Barbados,2020,7,13.0,0.0,0.0
Barbados,2020,8,64.0,0.0,0.0
Barbados,2020,9,16.0,0.0,0.0
Barbados,2020,10,47.0,0.0,0.0
Barbados,2020,11,39.0,0.0,0.0
Barbados,2020,12,107.0,0.0,0.0
Barbados,2021,1,1162.0,7.0,0.602
Barbados,2021,2,1523.0,19.0,1.248
Barbados,2021,3,584.0,9.0,1.541
Barbados,2021,4,203.0,2.0,0.985
Belarus,2020,4,13875.0,88.0,0.634
Belarus,2020,5,28529.0,146.0,0.512
Belarus,2020,6,19562.0,157.0,0.803
Belarus,2020,7,5690.0,167.0,2.935
Belarus,2020,8,4035.0,122.0,3.024
Belarus,2020,9,6788.0,152.0,2.239
Belarus,2020,10,19851.0,147.0,0.741
Belarus,2020,11,38165.0,178.0,0.466
Belarus,2020,12,57637.0,266.0,0.462
Belarus,2021,1,54052.0,294.0,0.544
Belarus,2021,2,38970.0,258.0,0.662
Belarus,2021,3,34501.0,271.0,0.785
Belarus,2021,4,36931.0,295.0,0.799
Belgium,2020,4,35744.0,6889.0,19.273
Belgium,2020,5,9862.0,1873.0,18.992
Belgium,2020,6,3046.0,280.0,9.192
Belgium,2020,7,7324.0,94.0,1.283
Belgium,2020,8,16485.0,54.0,0.328
Belgium,2020,9,33216.0,121.0,0.364
Belgium,2020,10,310777.0,1609.0,0.518
Belgium,2020,11,148116.0,5020.0,3.389
Belgium,2020,12,69151.0,2883.0,4.169
Belgium,2021,1,63657.0,1564.0,2.457
Belgium,2021,2,61358.0,985.0,1.605
Belgium,2021,3,110942.0,939.0,0.846
Belgium,2021,4,107776.0,1214.0,1.126
Belize,2020,4,15.0,2.0,13.333
Belize,2020,5,0.0,0.0,""
Belize,2020,6,6.0,0.0,0.0
Belize,2020,7,24.0,0.0,0.0
Belize,2020,8,959.0,11.0,1.147
Belize,2020,9,985.0,14.0,1.421
Belize,2020,10,1495.0,32.0,2.14
Belize,2020,11,2367.0,89.0,3.76
Belize,2020,12,4922.0,100.0,2.032
Belize,2021,1,1132.0,53.0,4.682
Belize,2021,2,385.0,14.0,3.636
Belize,2021,3,163.0,2.0,1.227
Belize,2021,4,212.0,6.0,2.83
Benin,2020,4,55.0,1.0,1.818
Benin,2020,5,168.0,2.0,1.19
Benin,2020,6,967.0,18.0,1.861
Benin,2020,7,606.0,15.0,2.475
Benin,2020,8,340.0,4.0,1.176
Benin,2020,9,212.0,1.0,0.472
Benin,2020,10,286.0,0.0,0.0
Benin,2020,11,372.0,2.0,0.538
Benin,2020,12,236.0,1.0,0.424
Benin,2021,1,642.0,8.0,1.246
Benin,2021,2,1541.0,18.0,1.168
Benin,2021,3,1666.0,20.0,1.2
Benin,2021,4,721.0,9.0,1.248
Bhutan,2020,4,3.0,0.0,0.0
Bhutan,2020,5,36.0,0.0,0.0
Bhutan,2020,6,34.0,0.0,0.0
Bhutan,2020,7,24.0,0.0,0.0
Bhutan,2020,8,124.0,0.0,0.0
Bhutan,2020,9,57.0,0.0,0.0
Bhutan,2020,10,67.0,0.0,0.0
Bhutan,2020,11,61.0,0.0,0.0
Bhutan,2020,12,260.0,0.0,0.0
Bhutan,2021,1,189.0,1.0,0.529
Bhutan,2021,2,8.0,0.0,0.0
Bhutan,2021,3,6.0,0.0,0.0
Bhutan,2021,4,201.0,0.0,0.0
Bolivia,2020,4,1003.0,53.0,5.284
Bolivia,2020,5,8872.0,254.0,2.863
Bolivia,2020,6,23237.0,810.0,3.486
Bolivia,2020,7,43570.0,1854.0,4.255
Bolivia,2020,8,39809.0,2050.0,5.15
Bolivia,2020,9,18713.0,2938.0,15.7
Bolivia,2020,10,6446.0,760.0,11.79
Bolivia,2020,11,2951.0,232.0,7.862
Bolivia,2020,12,15416.0,208.0,1.349
Bolivia,2021,1,56711.0,1214.0,2.141
Bolivia,2021,2,32175.0,1270.0,3.947
Bolivia,2021,3,23401.0,608.0,2.598
Bolivia,2021,4,31321.0,694.0,2.216
Bosnia and Herzegovina,2020,4,1337.0,56.0,4.188
Bosnia and Herzegovina,2020,5,753.0,84.0,11.155
Bosnia and Herzegovina,2020,6,1943.0,33.0,1.698
Bosnia and Herzegovina,2020,7,7423.0,153.0,2.061
Bosnia and Herzegovina,2020,8,8088.0,270.0,3.338
Bosnia and Herzegovina,2020,9,7505.0,247.0,3.291
Bosnia and Herzegovina,2020,10,22621.0,378.0,1.671
Bosnia and Herzegovina,2020,11,37811.0,1447.0,3.827
Bosnia and Herzegovina,2020,12,23084.0,1369.0,5.931
Bosnia and Herzegovina,2021,1,10512.0,629.0,5.984
Bosnia and Herzegovina,2021,2,9482.0,392.0,4.134
Bosnia and Herzegovina,2021,3,38647.0,1528.0,3.954
Bosnia and Herzegovina,2021,4,28835.0,1952.0,6.77
Botswana,2020,4,19.0,0.0,0.0
Botswana,2020,5,12.0,0.0,0.0
Botswana,2020,6,192.0,0.0,0.0
Botswana,2020,7,577.0,1.0,0.173
Botswana,2020,8,829.0,4.0,0.483
Botswana,2020,9,1539.0,10.0,0.65
Botswana,2020,10,3470.0,8.0,0.231
Botswana,2020,11,4100.0,10.0,0.244
Botswana,2020,12,4063.0,8.0,0.197
Botswana,2021,1,6488.0,92.0,1.418
Botswana,2021,2,7078.0,176.0,2.487
Botswana,2021,3,11477.0,258.0,2.248
Botswana,2021,4,7086.0,144.0,2.032
Brazil,2020,4,81470.0,5805.0,7.125
Brazil,2020,5,427662.0,23308.0,5.45
Brazil,2020,6,887192.0,30280.0,3.413
Brazil,2020,7,1260444.0,32881.0,2.609
Brazil,2020,8,1245787.0,28906.0,2.32
Brazil,2020,9,902663.0,22571.0,2.5
Brazil,2020,10,724670.0,15932.0,2.199
Brazil,2020,11,800273.0,13236.0,1.654
Brazil,2020,12,1340095.0,21829.0,1.629
Brazil,2021,1,1528758.0,29555.0,1.933
Brazil,2021,2,1346528.0,30438.0,2.26
Brazil,2021,3,2197488.0,66573.0,3.03
Brazil,2021,4,1910264.0,82266.0,4.307
Brunei,2020,4,9.0,0.0,0.0
Brunei,2020,5,3.0,1.0,33.333
Brunei,2020,6,0.0,1.0,""
Brunei,2020,7,0.0,0.0,""
Brunei,2020,8,3.0,0.0,0.0
Brunei,2020,9,2.0,0.0,0.0
Brunei,2020,10,2.0,0.0,0.0
Brunei,2020,11,2.0,0.0,0.0
Brunei,2020,12,7.0,0.0,0.0
Brunei,2021,1,23.0,0.0,0.0
Brunei,2021,2,6.0,0.0,0.0
Brunei,2021,3,26.0,0.0,0.0
Brunei,2021,4,12.0,0.0,0.0
Bulgaria,2020,4,1107.0,58.0,5.239
Bulgaria,2020,5,1007.0,74.0,7.349
Bulgaria,2020,6,2476.0,90.0,3.635
Bulgaria,2020,7,6701.0,153.0,2.283
Bulgaria,2020,8,4576.0,246.0,5.376
Bulgaria,2020,9,4567.0,196.0,4.292
Bulgaria,2020,10,32011.0,454.0,1.418
Bulgaria,2020,11,92456.0,2756.0,2.981
Bulgaria,2020,12,56966.0,3541.0,6.216
Bulgaria,2021,1,16482.0,1469.0,8.913
Bulgaria,2021,2,28290.0,1146.0,4.051
Bulgaria,2021,3,95595.0,3006.0,3.145
Bulgaria,2021,4,61747.0,3202.0,5.186
Burkina Faso,2020,4,384.0,29.0,7.552
Burkina Faso,2020,5,202.0,10.0,4.95
Burkina Faso,2020,6,115.0,0.0,0.0
Burkina Faso,2020,7,144.0,0.0,0.0
Burkina Faso,2020,8,262.0,2.0,0.763
Burkina Faso,2020,9,688.0,3.0,0.436
Burkina Faso,2020,10,444.0,9.0,2.027
Burkina Faso,2020,11,386.0,1.0,0.259
Burkina Faso,2020,12,3821.0,17.0,0.445
Burkina Faso,2021,1,3975.0,35.0,0.881
Burkina Faso,2021,2,1300.0,22.0,1.692
Burkina Faso,2021,3,735.0,4.0,0.544
Burkina Faso,2021,4,593.0,11.0,1.855
Burma,2020,4,136.0,5.0,3.676
Burma,2020,5,73.0,0.0,0.0
Burma,2020,6,75.0,0.0,0.0
Burma,2020,7,54.0,0.0,0.0
Burma,2020,8,529.0,0.0,0.0
Burma,2020,9,12491.0,304.0,2.434
Burma,2020,10,39333.0,927.0,2.357
Burma,2020,11,38007.0,704.0,1.852
Burma,2020,12,33917.0,741.0,2.185
Burma,2021,1,15515.0,449.0,2.894
Burma,2021,2,1751.0,68.0,3.883
Burma,2021,3,538.0,7.0,1.301
Burma,2021,4,383.0,3.0,0.783
Burundi,2020,4,9.0,1.0,11.111
Burundi,2020,5,52.0,0.0,0.0
Burundi,2020,6,107.0,0.0,0.0
Burundi,2020,7,217.0,0.0,0.0
Burundi,2020,8,58.0,0.0,0.0
Burundi,2020,9,63.0,0.0,0.0
Burundi,2020,10,77.0,0.0,0.0
Burundi,2020,11,103.0,0.0,0.0
Burundi,2020,12,130.0,1.0,0.769
Burundi,2021,1,814.0,0.0,0.0
Burundi,2021,2,577.0,1.0,0.173
Burundi,2021,3,601.0,3.0,0.499
Burundi,2021,4,1185.0,0.0,0.0
Cabo Verde,2020,4,115.0,0.0,0.0
Cabo Verde,2020,5,314.0,3.0,0.955
Cabo Verde,2020,6,792.0,11.0,1.389
Cabo Verde,2020,7,1224.0,8.0,0.654
Cabo Verde,2020,8,1433.0,17.0,1.186
Cabo Verde,2020,9,2140.0,20.0,0.935
Cabo Verde,2020,10,2769.0,35.0,1.264
Cabo Verde,2020,11,1968.0,10.0,0.508
Cabo Verde,2020,12,1079.0,8.0,0.741
Cabo Verde,2021,1,2230.0,21.0,0.942
Cabo Verde,2021,2,1330.0,13.0,0.977
Cabo Verde,2021,3,2070.0,21.0,1.014
Cabo Verde,2021,4,6412.0,49.0,0.764
Cambodia,2020,4,13.0,0.0,0.0
Cambodia,2020,5,3.0,0.0,0.0
Cambodia,2020,6,16.0,0.0,0.0
Cambodia,2020,7,98.0,0.0,0.0
Cambodia,2020,8,35.0,0.0,0.0
Cambodia,2020,9,3.0,0.0,0.0
Cambodia,2020,10,14.0,0.0,0.0
Cambodia,2020,11,35.0,0.0,0.0
Cambodia,2020,12,52.0,0.0,0.0
Cambodia,2021,1,88.0,0.0,0.0
Cambodia,2021,2,354.0,0.0,0.0
Cambodia,2021,3,1620.0,11.0,0.679
Cambodia,2021,4,10962.0,82.0,0.748
Cameroon,2020,4,1639.0,55.0,3.356
Cameroon,2020,5,4072.0,130.0,3.193
Cameroon,2020,6,6688.0,122.0,1.824
Cameroon,2020,7,4663.0,78.0,1.673
Cameroon,2020,8,1887.0,20.0,1.06
Cameroon,2020,9,1696.0,7.0,0.413
Cameroon,2020,10,955.0,8.0,0.838
Cameroon,2020,11,2652.0,11.0,0.415
Cameroon,2020,12,1832.0,11.0,0.6
Cameroon,2021,1,3340.0,14.0,0.419
Cameroon,2021,2,6097.0,89.0,1.46
Cameroon,2021,3,11955.0,170.0,1.422
Cameroon,2021,4,24581.0,386.0,1.57
Canada,2020,4,45930.0,4027.0,8.768
Canada,2020,5,38022.0,3727.0,9.802
Canada,2020,6,13618.0,874.0,6.418
Canada,2020,7,12184.0,245.0,2.011
Canada,2020,8,12637.0,168.0,1.329
Canada,2020,9,30189.0,198.0,0.656
Canada,2020,10,76206.0,885.0,1.161
Canada,2020,11,144244.0,1963.0,1.361
Canada,2020,12,202852.0,3523.0,1.737
Canada,2021,1,199286.0,4279.0,2.147
Canada,2021,2,87999.0,1949.0,2.215
Canada,2021,3,117114.0,970.0,0.828
Canada,2021,4,239559.0,1260.0,0.526
Central African Republic,2020,4,47.0,0.0,0.0
Central African Republic,2020,5,961.0,2.0,0.208
Central African Republic,2020,6,2734.0,45.0,1.646
Central African Republic,2020,7,863.0,12.0,1.39
Central African Republic,2020,8,103.0,3.0,2.913
Central African Republic,2020,9,118.0,0.0,0.0
Central African Republic,2020,10,37.0,0.0,0.0
Central African Republic,2020,11,47.0,1.0,2.128
Central African Republic,2020,12,50.0,0.0,0.0
Central African Republic,2021,1,18.0,0.0,0.0
Central African Republic,2021,2,23.0,0.0,0.0
Central African Republic,2021,3,157.0,4.0,2.548
Central African Republic,2021,4,1250.0,21.0,1.68
Chad,2020,4,66.0,5.0,7.576
Chad,2020,5,705.0,60.0,8.511
Chad,2020,6,88.0,9.0,10.227
Chad,2020,7,70.0,1.0,1.429
Chad,2020,8,77.0,2.0,2.597
Chad,2020,9,187.0,8.0,4.278
Chad,2020,10,283.0,13.0,4.594
Chad,2020,11,205.0,3.0,1.463
Chad,2020,12,425.0,3.0,0.706
Chad,2021,1,1263.0,14.0,1.108
Chad,2021,2,597.0,22.0,3.685
Chad,2021,3,560.0,24.0,4.286
Chad,2021,4,284.0,6.0,2.113
Chile,2020,4,13285.0,215.0,1.618
Chile,2020,5,83665.0,827.0,0.988
Chile,2020,6,179705.0,4634.0,2.579
Chile,2020,7,76274.0,3769.0,4.941
Chile,2020,8,56059.0,1832.0,3.268
Chile,2020,9,51265.0,1452.0,2.832
Chile,2020,10,47265.0,1466.0,3.102
Chile,2020,11,41487.0,1203.0,2.9
Chile,2020,12,57230.0,1198.0,2.093
Chile,2021,1,118136.0,1844.0,1.561
Chile,2021,2,97516.0,2120.0,2.174
Chile,2021,3,170913.0,2563.0,1.5
Chile,2021,4,202707.0,3218.0,1.588
China,2020,4,1350.0,1328.0,98.37
China,2020,5,143.0,1.0,0.699
China,2020,6,517.0,0.0,0.0
China,2020,7,803.0,0.0,0.0
China,2020,8,721.0,0.0,0.0
China,2020,9,354.0,0.0,0.0
China,2020,10,585.0,0.0,0.0
China,2020,11,545.0,0.0,0.0
China,2020,12,529.0,0.0,0.0
China,2021,1,2493.0,2.0,0.08
China,2021,2,348.0,0.0,0.0
China,2021,3,305.0,0.0,0.0
China,2021,4,454.0,0.0,0.0
Colombia,2020,4,5601.0,277.0,4.946
Colombia,2020,5,20712.0,623.0,3.008
Colombia,2020,6,68050.0,2460.0,3.615
Colombia,2020,7,200239.0,6729.0,3.36
Colombia,2020,8,319586.0,9557.0,2.99
Colombia,2020,9,214585.0,6336.0,2.953
Colombia,2020,10,244130.0,5600.0,2.294
Colombia,2020,11,242997.0,5168.0,2.127
Colombia,2020,12,325969.0,6447.0,1.978
Colombia,2021,1,452109.0,10770.0,2.382
Colombia,2021,2,156806.0,5783.0,3.688
Colombia,2021,3,154687.0,3656.0,2.363
Colombia,2021,4,453347.0,10298.0,2.272
Comoros,2020,4,0.0,0.0,""
Comoros,2020,5,105.0,2.0,1.905
Comoros,2020,6,197.0,5.0,2.538
Comoros,2020,7,75.0,0.0,0.0
Comoros,2020,8,45.0,0.0,0.0
Comoros,2020,9,56.0,0.0,0.0
Comoros,2020,10,66.0,0.0,0.0
Comoros,2020,11,66.0,0.0,0.0
Comoros,2020,12,212.0,3.0,1.415
Comoros,2021,1,1903.0,83.0,4.362
Comoros,2021,2,845.0,51.0,6.036
Comoros,2021,3,125.0,2.0,1.6
Comoros,2021,4,138.0,0.0,0.0
Congo (Brazzaville),2020,4,201.0,9.0,4.478
Congo (Brazzaville),2020,5,391.0,11.0,2.813
Congo (Brazzaville),2020,6,476.0,17.0,3.571
Congo (Brazzaville),2020,7,2113.0,17.0,0.805
Congo (Brazzaville),2020,8,779.0,24.0,3.081
Congo (Brazzaville),2020,9,1110.0,11.0,0.991
Congo (Brazzaville),2020,10,201.0,3.0,1.493
Congo (Brazzaville),2020,11,484.0,2.0,0.413
Congo (Brazzaville),2020,12,1333.0,14.0,1.05
Congo (Brazzaville),2021,1,780.0,9.0,1.154
Congo (Brazzaville),2021,2,933.0,11.0,1.179
Congo (Brazzaville),2021,3,861.0,7.0,0.813
Congo (Brazzaville),2021,4,997.0,9.0,0.903
Congo (Kinshasa),2020,4,474.0,23.0,4.852
Congo (Kinshasa),2020,5,2498.0,41.0,1.641
Congo (Kinshasa),2020,6,3969.0,98.0,2.469
Congo (Kinshasa),2020,7,2031.0,45.0,2.216
Congo (Kinshasa),2020,8,1027.0,43.0,4.187
Congo (Kinshasa),2020,9,562.0,14.0,2.491
Congo (Kinshasa),2020,10,647.0,35.0,5.41
Congo (Kinshasa),2020,11,1466.0,26.0,1.774
Congo (Kinshasa),2020,12,4886.0,258.0,5.28
Congo (Kinshasa),2021,1,5113.0,80.0,1.565
Congo (Kinshasa),2021,2,3142.0,36.0,1.146
Congo (Kinshasa),2021,3,2229.0,36.0,1.615
Congo (Kinshasa),2021,4,1711.0,23.0,1.344
Costa Rica,2020,4,372.0,4.0,1.075
Costa Rica,2020,5,337.0,4.0,1.187
Costa Rica,2020,6,2403.0,6.0,0.25
Costa Rica,2020,7,14361.0,134.0,0.933
Costa Rica,2020,8,23467.0,286.0,1.219
Costa Rica,2020,9,34473.0,468.0,1.358
Costa Rica,2020,10,34211.0,481.0,1.406
Costa Rica,2020,11,29667.0,341.0,1.149
Costa Rica,2020,12,29683.0,459.0,1.546
Costa Rica,2021,1,23955.0,419.0,1.749
Costa Rica,2021,2,11065.0,196.0,1.771
Costa Rica,2021,3,12423.0,157.0,1.264
Costa Rica,2021,4,34227.0,274.0,0.801
Croatia,2020,4,1209.0,63.0,5.211
Croatia,2020,5,170.0,34.0,20.0
Croatia,2020,6,531.0,4.0,0.753
Croatia,2020,7,2362.0,38.0,1.609
Croatia,2020,8,5130.0,41.0,0.799
Croatia,2020,9,6324.0,94.0,1.486
Croatia,2020,10,32723.0,266.0,0.813
Croatia,2020,11,79126.0,1240.0,1.567
Croatia,2020,12,82395.0,2134.0,2.59
Croatia,2021,1,21589.0,1107.0,5.128
Croatia,2021,2,10547.0,499.0,4.731
Croatia,2021,3,28659.0,421.0,1.469
Croatia,2021,4,60551.0,1134.0,1.873
Cuba,2020,4,1315.0,55.0,4.183
Cuba,2020,5,544.0,22.0,4.044
Cuba,2020,6,296.0,3.0,1.014
Cuba,2020,7,267.0,1.0,0.375
Cuba,2020,8,1424.0,7.0,0.492
Cuba,2020,9,1565.0,28.0,1.789
Cuba,2020,10,1290.0,6.0,0.465
Cuba,2020,11,1397.0,7.0,0.501
Cuba,2020,12,3579.0,11.0,0.307
Cuba,2021,1,14823.0,68.0,0.459
Cuba,2021,2,23093.0,108.0,0.468
Cuba,2021,3,25484.0,102.0,0.4
Cuba,2021,4,31444.0,220.0,0.7
Cyprus,2020,4,588.0,7.0,1.19
Cyprus,2020,5,94.0,2.0,2.128
Cyprus,2020,6,54.0,2.0,3.704
Cyprus,2020,7,116.0,0.0,0.0
Cyprus,2020,8,374.0,1.0,0.267
Cyprus,2020,9,267.0,2.0,0.749
Cyprus,2020,10,2611.0,4.0,0.153
Cyprus,2020,11,6199.0,23.0,0.371
Cyprus,2020,12,11454.0,70.0,0.611
Cyprus,2021,1,8857.0,80.0,0.903
Cyprus,2021,2,3831.0,32.0,0.835
Cyprus,2021,3,11157.0,25.0,0.224
Cyprus,2021,4,19369.0,52.0,0.268
Czech Republic,2020,4,4374.0,205.0,4.687
Czech Republic,2020,5,1586.0,84.0,5.296
Czech Republic,2020,6,2686.0,29.0,1.08
Czech Republic,2020,7,4620.0,33.0,0.714
Czech Republic,2020,8,8044.0,42.0,0.522
Czech Republic,2020,9,44301.0,231.0,0.521
Czech Republic,2020,10,266183.0,2596.0,0.975
Czech Republic,2020,11,188196.0,5044.0,2.68
Czech Republic,2020,12,195363.0,3285.0,1.681
Czech Republic,2021,1,266113.0,4728.0,1.777
Czech Republic,2021,2,250706.0,4031.0,1.608
Czech Republic,2021,3,296852.0,6082.0,2.049
Czech Republic,2021,4,98426.0,2846.0,2.892
Denmark,2020,4,6317.0,362.0,5.731
Denmark,2020,5,2513.0,122.0,4.855
Denmark,2020,6,1099.0,31.0,2.821
Denmark,2020,7,1060.0,10.0,0.943
Denmark,2020,8,3382.0,9.0,0.266
Denmark,2020,9,11069.0,26.0,0.235
Denmark,2020,10,18384.0,71.0,0.386
Denmark,2020,11,34139.0,116.0,0.34
Denmark,2020,12,83114.0,461.0,0.555
Denmark,2021,1,35040.0,828.0,2.363
Denmark,2021,2,12727.0,236.0,1.854
Denmark,2021,3,19412.0,58.0,0.299
Denmark,2021,4,19954.0,64.0,0.321
Diamond Princess,2020,4,0.0,3.0,""
Diamond Princess,2020,5,0.0,0.0,""
Diamond Princess,2020,6,0.0,0.0,""
Diamond Princess,2020,7,0.0,0.0,""
Diamond Princess,2020,8,0.0,0.0,""
Diamond Princess,2020,9,0.0,0.0,""
Diamond Princess,2020,10,0.0,0.0,""
Diamond Princess,2020,11,0.0,0.0,""
Diamond Princess,2020,12,0.0,0.0,""
Diamond Princess,2021,1,0.0,0.0,""
Diamond Princess,2021,2,0.0,0.0,""
Diamond Princess,2021,3,0.0,0.0,""
Diamond Princess,2021,4,0.0,0.0,""
Djibouti,2020,4,1059.0,2.0,0.189
Djibouti,2020,5,2265.0,22.0,0.971
Djibouti,2020,6,1328.0,30.0,2.259
Djibouti,2020,7,402.0,4.0,0.995
Djibouti,2020,8,303.0,2.0,0.66
Djibouti,2020,9,29.0,1.0,3.448
Djibouti,2020,10,145.0,0.0,0.0
Djibouti,2020,11,118.0,0.0,0.0
Djibouti,2020,12,152.0,0.0,0.0
Djibouti,2021,1,101.0,2.0,1.98
Djibouti,2021,2,134.0,0.0,0.0
Djibouti,2021,3,1936.0,7.0,0.362
Djibouti,2021,4,3098.0,73.0,2.356
Dominica,2020,4,4.0,0.0,0.0
Dominica,2020,5,0.0,0.0,""
Dominica,2020,6,2.0,0.0,0.0
Dominica,2020,7,0.0,0.0,""
Dominica,2020,8,2.0,0.0,0.0
Dominica,2020,9,10.0,0.0,0.0
Dominica,2020,10,20.0,0.0,0.0
Dominica,2020,11,35.0,0.0,0.0
Dominica,2020,12,3.0,0.0,0.0
Dominica,2021,1,29.0,0.0,0.0
Dominica,2021,2,25.0,0.0,0.0
Dominica,2021,3,19.0,0.0,0.0
Dominica,2021,4,13.0,0.0,0.0
Dominican Republic,2020,4,5863.0,250.0,4.264
Dominican Republic,2020,5,10313.0,201.0,1.949
Dominican Republic,2020,6,15283.0,245.0,1.603
Dominican Republic,2020,7,37081.0,413.0,1.114
Dominican Republic,2020,8,25066.0,550.0,2.194
Dominican Republic,2020,9,17494.0,395.0,2.258
Dominican Republic,2020,10,14809.0,140.0,0.945
Dominican Republic,2020,11,16970.0,86.0,0.507
Dominican Republic,2020,12,26797.0,83.0,0.31
Dominican Republic,2021,1,43275.0,252.0,0.582
Dominican Republic,2021,2,25557.0,434.0,1.698
Dominican Republic,2021,3,13110.0,225.0,1.716
Dominican Republic,2021,4,13834.0,155.0,1.12
Ecuador,2020,4,22694.0,825.0,3.635
Ecuador,2020,5,14164.0,2458.0,17.354
Ecuador,2020,6,17334.0,1169.0,6.744
Ecuador,2020,7,28923.0,1175.0,4.063
Ecuador,2020,8,28412.0,854.0,3.006
Ecuador,2020,9,23280.0,4799.0,20.614
Ecuador,2020,10,31145.0,1315.0,4.222
Ecuador,2020,11,24493.0,791.0,3.229
Ecuador,2020,12,19827.0,573.0,2.89
Ecuador,2021,1,38316.0,825.0,2.153
Ecuador,2021,2,35327.0,952.0,2.695
Ecuador,2021,3,42600.0,1036.0,2.432
Ecuador,2021,4,53107.0,1784.0,3.359
Egypt,2020,4,4827.0,346.0,7.168
Egypt,2020,5,19448.0,567.0,2.915
Egypt,2020,6,43326.0,1994.0,4.602
Egypt,2020,7,25767.0,1852.0,7.187
Egypt,2020,8,4861.0,616.0,12.672
Egypt,2020,9,4259.0,509.0,11.951
Egypt,2020,10,4357.0,336.0,7.712
Egypt,2020,11,8356.0,384.0,4.596
Egypt,2020,12,22151.0,981.0,4.429
Egypt,2021,1,27889.0,1685.0,6.042
Egypt,2021,2,16473.0,1372.0,8.329
Egypt,2021,3,19707.0,1307.0,6.632
Egypt,2021,4,25421.0,1344.0,5.287
El Salvador,2020,4,363.0,9.0,2.479
El Salvador,2020,5,2122.0,36.0,1.697
El Salvador,2020,6,3921.0,128.0,3.264
El Salvador,2020,7,10194.0,274.0,2.688
El Salvador,2020,8,9097.0,269.0,2.957
El Salvador,2020,9,3348.0,126.0,3.763
El Salvador,2020,10,4749.0,132.0,2.78
El Salvador,2020,11,5115.0,139.0,2.717
El Salvador,2020,12,7301.0,213.0,2.917
El Salvador,2021,1,8724.0,296.0,3.393
El Salvador,2021,2,5215.0,231.0,4.43
El Salvador,2021,3,4545.0,152.0,3.344
El Salvador,2021,4,4472.0,118.0,2.639
Equatorial Guinea,2020,4,303.0,1.0,0.33
Equatorial Guinea,2020,5,991.0,11.0,1.11
Equatorial Guinea,2020,6,695.0,20.0,2.878
Equatorial Guinea,2020,7,2820.0,51.0,1.809
Equatorial Guinea,2020,8,120.0,0.0,0.0
Equatorial Guinea,2020,9,89.0,0.0,0.0
Equatorial Guinea,2020,10,58.0,0.0,0.0
Equatorial Guinea,2020,11,65.0,2.0,3.077
Equatorial Guinea,2020,12,124.0,1.0,0.806
Equatorial Guinea,2021,1,239.0,0.0,0.0
Equatorial Guinea,2021,2,489.0,5.0,1.022
Equatorial Guinea,2021,3,909.0,11.0,1.21
Equatorial Guinea,2021,4,780.0,10.0,1.282
Eritrea,2020,4,24.0,0.0,0.0
Eritrea,2020,5,0.0,0.0,""
Eritrea,2020,6,164.0,0.0,0.0
Eritrea,2020,7,76.0,0.0,0.0
Eritrea,2020,8,40.0,0.0,0.0
Eritrea,2020,9,56.0,0.0,0.0
Eritrea,2020,10,88.0,0.0,0.0
Eritrea,2020,11,114.0,0.0,0.0
Eritrea,2020,12,743.0,3.0,0.404
Eritrea,2021,1,815.0,4.0,0.491
Eritrea,2021,2,712.0,0.0,0.0
Eritrea,2021,3,438.0,3.0,0.685
Eritrea,2021,4,386.0,0.0,0.0
Estonia,2020,4,944.0,48.0,5.085
Estonia,2020,5,180.0,16.0,8.889
Estonia,2020,6,120.0,1.0,0.833
Estonia,2020,7,75.0,0.0,0.0
Estonia,2020,8,311.0,-5.0,-1.608
Estonia,2020,9,996.0,0.0,0.0
Estonia,2020,10,1534.0,9.0,0.587
Estonia,2020,11,7403.0,45.0,0.608
Estonia,2020,12,15682.0,111.0,0.708
Estonia,2021,1,16218.0,190.0,1.172
Estonia,2021,2,21392.0,170.0,0.795
Estonia,2021,3,40824.0,313.0,0.767
Estonia,2021,4,15595.0,259.0,1.661
Eswatini,2020,4,91.0,1.0,1.099
Eswatini,2020,5,185.0,1.0,0.541
Eswatini,2020,6,527.0,9.0,1.708
Eswatini,2020,7,1836.0,30.0,1.634
Eswatini,2020,8,1929.0,50.0,2.592
Eswatini,2020,9,905.0,18.0,1.989
Eswatini,2020,10,435.0,8.0,1.839
Eswatini,2020,11,502.0,5.0,0.996
Eswatini,2020,12,2939.0,83.0,2.824
Eswatini,2021,1,6353.0,360.0,5.667
Eswatini,2021,2,1303.0,87.0,6.677
Eswatini,2021,3,323.0,15.0,4.644
Eswatini,2021,4,1121.0,4.0,0.357
Ethiopia,2020,4,105.0,3.0,2.857
Ethiopia,2020,5,1041.0,8.0,0.768
Ethiopia,2020,6,4674.0,92.0,1.968
Ethiopia,2020,7,11684.0,171.0,1.464
Ethiopia,2020,8,34601.0,535.0,1.546
Ethiopia,2020,9,23237.0,389.0,1.674
Ethiopia,2020,10,20801.0,271.0,1.303
Ethiopia,2020,11,13905.0,237.0,1.704
Ethiopia,2020,12,14190.0,217.0,1.529
Ethiopia,2021,1,13386.0,170.0,1.27
Ethiopia,2021,2,21422.0,272.0,1.27
Ethiopia,2021,3,47517.0,500.0,1.052
Ethiopia,2021,4,50853.0,823.0,1.618
Fiji,2020,4,13.0,0.0,0.0
Fiji,2020,5,0.0,0.0,""
Fiji,2020,6,0.0,0.0,""
Fiji,2020,7,9.0,1.0,11.111
Fiji,2020,8,1.0,1.0,100.0
Fiji,2020,9,4.0,0.0,0.0
Fiji,2020,10,2.0,0.0,0.0
Fiji,2020,11,8.0,0.0,0.0
Fiji,2020,12,7.0,0.0,0.0
Fiji,2021,1,6.0,0.0,0.0
Fiji,2021,2,4.0,0.0,0.0
Fiji,2021,3,8.0,0.0,0.0
Fiji,2021,4,50.0,0.0,0.0
Finland,2020,4,3577.0,194.0,5.424
Finland,2020,5,1864.0,109.0,5.848
Finland,2020,6,355.0,8.0,2.254
Finland,2020,7,218.0,1.0,0.459
Finland,2020,8,654.0,7.0,1.07
Finland,2020,9,1906.0,8.0,0.42
Finland,2020,10,6121.0,14.0,0.229
Finland,2020,11,8799.0,41.0,0.466
Finland,2020,12,11195.0,162.0,1.447
Finland,2021,1,9131.0,110.0,1.205
Finland,2021,2,12434.0,71.0,0.571
Finland,2021,3,19780.0,102.0,0.516
Finland,2021,4,9356.0,70.0,0.748
France,2020,4,116583.0,20854.0,17.888
France,2020,5,22114.0,4425.0,20.01
France,2020,6,13269.0,1041.0,7.845
France,2020,7,22995.0,422.0,1.835
France,2020,8,93921.0,378.0,0.402
France,2020,9,284733.0,1332.0,0.468
France,2020,10,808471.0,4849.0,0.6
France,2020,11,862510.0,15992.0,1.854
France,2020,12,400792.0,11940.0,2.979
France,2021,1,578254.0,11442.0,1.979
France,2021,2,559719.0,10379.0,1.854
France,2021,3,889429.0,9218.0,1.036
France,2021,4,972767.0,8877.0,0.913
Gabon,2020,4,260.0,2.0,0.769
Gabon,2020,5,2379.0,14.0,0.588
Gabon,2020,6,2739.0,25.0,0.913
Gabon,2020,7,1958.0,7.0,0.358
Gabon,2020,8,1181.0,4.0,0.339
Gabon,2020,9,233.0,1.0,0.429
Gabon,2020,10,202.0,1.0,0.495
Gabon,2020,11,246.0,5.0,2.033
Gabon,2020,12,357.0,4.0,1.12
Gabon,2021,1,1177.0,4.0,0.34
Gabon,2021,2,3816.0,15.0,0.393
Gabon,2021,3,4986.0,35.0,0.702
Gabon,2021,4,3525.0,21.0,0.596
Gambia,2020,4,7.0,0.0,0.0
Gambia,2020,5,14.0,0.0,0.0
Gambia,2020,6,24.0,1.0,4.167
Gambia,2020,7,449.0,7.0,1.559
Gambia,2020,8,2465.0,87.0,3.529
Gambia,2020,9,616.0,16.0,2.597
Gambia,2020,10,93.0,7.0,7.527
Gambia,2020,11,70.0,4.0,5.714
Gambia,2020,12,55.0,1.0,1.818
Gambia,2021,1,293.0,4.0,1.365
Gambia,2021,2,622.0,22.0,3.537
Gambia,2021,3,747.0,15.0,2.008
Gambia,2021,4,439.0,9.0,2.05
Georgia,2020,4,429.0,6.0,1.399
Georgia,2020,5,244.0,6.0,2.459
Georgia,2020,6,145.0,3.0,2.069
Georgia,2020,7,240.0,2.0,0.833
Georgia,2020,8,319.0,2.0,0.627
Georgia,2020,9,4705.0,20.0,0.425
Georgia,2020,10,32744.0,268.0,0.818
Georgia,2020,11,96648.0,960.0,0.993
Georgia,2020,12,91836.0,1238.0,1.348
Georgia,2021,1,30691.0,673.0,2.193
Georgia,2021,2,12647.0,332.0,2.625
Georgia,2021,3,11003.0,268.0,2.436
Georgia,2021,4,28549.0,332.0,1.163
Germany,2020,4,91201.0,5848.0,6.412
Germany,2020,5,20401.0,1917.0,9.397
Germany,2020,6,12008.0,450.0,3.748
Germany,2020,7,14981.0,157.0,1.048
Germany,2020,8,34403.0,156.0,0.453
Germany,2020,9,48111.0,192.0,0.399
Germany,2020,10,238877.0,988.0,0.414
Germany,2020,11,538122.0,6211.0,1.154
Germany,2020,12,690608.0,17097.0,2.476
Germany,2021,1,465139.0,23372.0,5.025
Germany,2021,2,224636.0,12989.0,5.782
Germany,2021,3,393349.0,6437.0,1.636
Germany,2021,4,561721.0,6508.0,1.159
Ghana,2020,4,1913.0,12.0,0.627
Ghana,2020,5,5996.0,19.0,0.317
Ghana,2020,6,9671.0,76.0,0.786
Ghana,2020,7,17760.0,70.0,0.394
Ghana,2020,8,8797.0,94.0,1.069
Ghana,2020,9,2328.0,25.0,1.074
Ghana,2020,10,1429.0,19.0,1.33
Ghana,2020,11,3612.0,3.0,0.083
Ghana,2020,12,3104.0,12.0,0.387
Ghana,2021,1,12239.0,81.0,0.662
Ghana,2021,2,17013.0,191.0,1.123
Ghana,2021,3,6560.0,136.0,2.073
Ghana,2021,4,1979.0,36.0,1.819
Greece,2020,4,1277.0,91.0,7.126
Greece,2020,5,326.0,35.0,10.736
Greece,2020,6,492.0,17.0,3.455
Greece,2020,7,1068.0,14.0,1.311
Greece,2020,8,5840.0,60.0,1.027
Greece,2020,9,8158.0,125.0,1.532
Greece,2020,10,20776.0,235.0,1.131
Greece,2020,11,66020.0,1780.0,2.696
Greece,2020,12,33579.0,2432.0,7.243
Greece,2021,1,18107.0,958.0,5.291
Greece,2021,2,34143.0,708.0,2.074
Greece,2021,3,72589.0,1589.0,2.189
Greece,2021,4,81344.0,2288.0,2.813
Grenada,2020,4,11.0,0.0,0.0
Grenada,2020,5,3.0,0.0,0.0
Grenada,2020,6,0.0,0.0,""
Grenada,2020,7,1.0,0.0,0.0
Grenada,2020,8,0.0,0.0,""
Grenada,2020,9,0.0,0.0,""
Grenada,2020,10,4.0,0.0,0.0
Grenada,2020,11,13.0,0.0,0.0
Grenada,2020,12,86.0,0.0,0.0
Grenada,2021,1,21.0,1.0,4.762
Grenada,2021,2,0.0,0.0,""
Grenada,2021,3,7.0,0.0,0.0
Grenada,2021,4,5.0,0.0,0.0
Guatemala,2020,4,561.0,15.0,2.674
Guatemala,2020,5,4488.0,92.0,2.05
Guatemala,2020,6,13009.0,665.0,5.112
Guatemala,2020,7,31693.0,1151.0,3.632
Guatemala,2020,8,24285.0,836.0,3.442
Guatemala,2020,9,17672.0,486.0,2.75
Guatemala,2020,10,16193.0,483.0,2.983
Guatemala,2020,11,14123.0,442.0,3.13
Guatemala,2020,12,15950.0,642.0,4.025
Guatemala,2021,1,21492.0,830.0,3.862
Guatemala,2021,2,15038.0,750.0,4.987
Guatemala,2021,3,19292.0,447.0,2.317
Guatemala,2021,4,33837.0,684.0,2.021
Guinea,2020,4,1473.0,7.0,0.475
Guinea,2020,5,2211.0,16.0,0.724
Guinea,2020,6,1685.0,10.0,0.593
Guinea,2020,7,1917.0,13.0,0.678
Guinea,2020,8,2101.0,13.0,0.619
Guinea,2020,9,1243.0,7.0,0.563
Guinea,2020,10,1420.0,6.0,0.423
Guinea,2020,11,1047.0,4.0,0.382
Guinea,2020,12,603.0,5.0,0.829
Guinea,2021,1,824.0,1.0,0.121
Guinea,2021,2,1446.0,7.0,0.484
Guinea,2021,3,3916.0,36.0,0.919
Guinea,2021,4,2307.0,19.0,0.824
Guinea-Bissau,2020,4,197.0,1.0,0.508
Guinea-Bissau,2020,5,1051.0,7.0,0.666
Guinea-Bissau,2020,6,398.0,16.0,4.02
Guinea-Bissau,2020,7,327.0,2.0,0.612
Guinea-Bissau,2020,8,224.0,8.0,3.571
Guinea-Bissau,2020,9,119.0,5.0,4.202
Guinea-Bissau,2020,10,89.0,2.0,2.247
Guinea-Bissau,2020,11,28.0,3.0,10.714
Guinea-Bissau,2020,12,11.0,1.0,9.091
Guinea-Bissau,2021,1,182.0,0.0,0.0
Guinea-Bissau,2021,2,628.0,3.0,0.478
Guinea-Bissau,2021,3,388.0,15.0,3.866
Guinea-Bissau,2021,4,84.0,4.0,4.762
Guyana,2020,4,70.0,7.0,10.0
Guyana,2020,5,71.0,3.0,4.225
Guyana,2020,6,92.0,0.0,0.0
Guyana,2020,7,168.0,8.0,4.762
Guyana,2020,8,893.0,19.0,2.128
Guyana,2020,9,1588.0,41.0,2.582
Guyana,2020,10,1268.0,44.0,3.47
Guyana,2020,11,1244.0,27.0,2.17
Guyana,2020,12,926.0,13.0,1.404
Guyana,2021,1,1309.0,12.0,0.917
Guyana,2021,2,944.0,19.0,2.013
Guyana,2021,3,1664.0,36.0,2.163
Guyana,2021,4,3034.0,65.0,2.142
Haiti,2020,4,61.0,6.0,9.836
Haiti,2020,5,1508.0,29.0,1.923
Haiti,2020,6,4263.0,69.0,1.619
Haiti,2020,7,1531.0,55.0,3.592
Haiti,2020,8,831.0,42.0,5.054
Haiti,2020,9,531.0,26.0,4.896
Haiti,2020,10,314.0,5.0,1.592
Haiti,2020,11,218.0,0.0,0.0
Haiti,2020,12,727.0,4.0,0.55
Haiti,2021,1,1534.0,9.0,0.587
Haiti,2021,2,897.0,5.0,0.557
Haiti,2021,3,328.0,2.0,0.61
Haiti,2021,4,298.0,2.0,0.671
Holy See,2020,4,5.0,0.0,0.0
Holy See,2020,5,1.0,0.0,0.0
Holy See,2020,6,0.0,0.0,""
Holy See,2020,7,0.0,0.0,""
Holy See,2020,8,0.0,0.0,""
Holy See,2020,9,0.0,0.0,""
Holy See,2020,10,15.0,0.0,0.0
Holy See,2020,11,0.0,0.0,""
Holy See,2020,12,0.0,0.0,""
Holy See,2021,1,0.0,0.0,""
Holy See,2021,2,0.0,0.0,""
Holy See,2021,3,0.0,0.0,""
Holy See,2021,4,0.0,0.0,""
Honduras,2020,4,630.0,64.0,10.159
Honduras,2020,5,4431.0,141.0,3.182
Honduras,2020,6,14356.0,285.0,1.985
Honduras,2020,7,22456.0,840.0,3.741
Honduras,2020,8,19000.0,536.0,2.821
Honduras,2020,9,15886.0,480.0,3.022
Honduras,2020,10,19988.0,316.0,1.581
Honduras,2020,11,11365.0,249.0,2.191
Honduras,2020,12,13574.0,212.0,1.562
Honduras,2021,1,26016.0,480.0,1.845
Honduras,2021,2,22461.0,541.0,2.409
Honduras,2021,3,18739.0,454.0,2.423
Honduras,2021,4,23290.0,676.0,2.903
Hong Kong,2020,4,323.0,0.0,0.0
Hong Kong,2020,5,47.0,0.0,0.0
Hong Kong,2020,6,121.0,3.0,2.479
Hong Kong,2020,7,2067.0,20.0,0.968
Hong Kong,2020,8,1538.0,62.0,4.031
Hong Kong,2020,9,277.0,16.0,5.776
Hong Kong,2020,10,236.0,0.0,0.0
Hong Kong,2020,11,991.0,4.0,0.404
Hong Kong,2020,12,2532.0,39.0,1.54
Hong Kong,2021,1,1606.0,33.0,2.055
Hong Kong,2021,2,553.0,18.0,3.255
Hong Kong,2021,3,462.0,6.0,1.299
Hong Kong,2021,4,307.0,4.0,1.303
Hungary,2020,4,2283.0,296.0,12.965
Hungary,2020,5,1101.0,214.0,19.437
Hungary,2020,6,279.0,59.0,21.147
Hungary,2020,7,350.0,11.0,3.143
Hungary,2020,8,1634.0,19.0,1.163
Hungary,2020,9,20322.0,150.0,0.738
Hungary,2020,10,48860.0,985.0,2.016
Hungary,2020,11,141801.0,3073.0,2.167
Hungary,2020,12,105392.0,4714.0,4.473
Hungary,2021,1,45072.0,2987.0,6.627
Hungary,2021,2,61013.0,2450.0,4.016
Hungary,2021,3,223834.0,5763.0,2.575
Hungary,2021,4,126915.0,6803.0,5.36
Iceland,2020,4,662.0,8.0,1.208
Iceland,2020,5,9.0,0.0,0.0
Iceland,2020,6,36.0,0.0,0.0
Iceland,2020,7,43.0,0.0,0.0
Iceland,2020,8,222.0,0.0,0.0
Iceland,2020,9,621.0,0.0,0.0
Iceland,2020,10,2137.0,2.0,0.094
Iceland,2020,11,527.0,14.0,2.657
Iceland,2020,12,362.0,3.0,0.829
Iceland,2021,1,248.0,0.0,0.0
Iceland,2021,2,47.0,0.0,0.0
Iceland,2021,3,156.0,0.0,0.0
Iceland,2021,4,267.0,0.0,0.0
India,2020,4,33466.0,1119.0,3.344
India,2020,5,155746.0,4254.0,2.731
India,2020,6,394884.0,11992.0,3.037
India,2020,7,1110495.0,19111.0,1.721
India,2020,8,1995178.0,28777.0,1.442
India,2020,9,2621418.0,33390.0,1.274
India,2020,10,1871498.0,23433.0,1.252
India,2020,11,1278727.0,15510.0,1.213
India,2020,12,803865.0,11117.0,1.383
India,2021,1,490936.0,5654.0,1.152
India,2021,2,354631.0,2765.0,0.78
India,2021,3,1109424.0,5770.0,0.52
India,2021,4,6943304.0,48926.0,0.705
Indonesia,2020,4,8590.0,656.0,7.637
Indonesia,2020,5,16355.0,821.0,5.02
Indonesia,2020,6,29912.0,1263.0,4.222
Indonesia,2020,7,51991.0,2255.0,4.337
Indonesia,2020,8,66420.0,2286.0,3.442
Indonesia,2020,9,112212.0,3323.0,2.961
Indonesia,2020,10,123080.0,3129.0,2.542
Indonesia,2020,11,128795.0,3076.0,2.388
Indonesia,2020,12,204315.0,5193.0,2.542
Indonesia,2021,1,335116.0,7860.0,2.345
Indonesia,2021,2,256320.0,6168.0,2.406
Indonesia,2021,3,177078.0,4692.0,2.65
Indonesia,2021,4,156656.0,4663.0,2.977
Iran,2020,4,50035.0,3130.0,6.256
Iran,2020,5,56826.0,1769.0,3.113
Iran,2020,6,76196.0,3020.0,3.963
Iran,2020,7,76542.0,5949.0,7.772
Iran,2020,8,71008.0,4805.0,6.767
Iran,2020,9,82007.0,4598.0,5.607
Iran,2020,10,155553.0,8695.0,5.59
Iran,2020,11,349298.0,13382.0,3.831
Iran,2020,12,263072.0,6977.0,2.652
Iran,2021,1,192857.0,2736.0,1.419
Iran,2021,2,213170.0,2114.0,0.992
Iran,2021,3,254395.0,2592.0,1.019
Iran,2021,4,613513.0,9093.0,1.482
Iraq,2020,4,1391.0,43.0,3.091
Iraq,2020,5,4354.0,112.0,2.572
Iraq,2020,6,42670.0,1738.0,4.073
Iraq,2020,7,75500.0,2798.0,3.706
Iraq,2020,8,110325.0,2301.0,2.086
Iraq,2020,9,128047.0,2139.0,1.67
Iraq,2020,10,109649.0,1729.0,1.577
Iraq,2020,11,79919.0,1348.0,1.687
Iraq,2020,12,42742.0,555.0,1.298
Iraq,2021,1,24345.0,234.0,0.961
Iraq,2021,2,75853.0,359.0,0.473
Iraq,2021,3,155435.0,917.0,0.59
Iraq,2021,4,214275.0,1142.0,0.533
Ireland,2020,4,17377.0,1161.0,6.681
Ireland,2020,5,4378.0,420.0,9.593
Ireland,2020,6,483.0,84.0,17.391
Ireland,2020,7,592.0,27.0,4.561
Ireland,2020,8,2746.0,14.0,0.51
Ireland,2020,9,7344.0,27.0,0.368
Ireland,2020,10,25301.0,109.0,0.431
Ireland,2020,11,11088.0,140.0,1.263
Ireland,2020,12,19235.0,184.0,0.957
Ireland,2021,1,104768.0,1070.0,1.021
Ireland,2021,2,23045.0,1012.0,4.391
Ireland,2021,3,16262.0,368.0,2.263
Ireland,2021,4,13016.0,216.0,1.659
Israel,2020,4,10179.0,204.0,2.004
Israel,2020,5,1183.0,62.0,5.241
Israel,2020,6,8359.0,40.0,0.479
Israel,2020,7,46296.0,237.0,0.512
Israel,2020,8,45172.0,389.0,0.861
Israel,2020,9,130505.0,651.0,0.499
Israel,2020,10,66938.0,957.0,1.43
Israel,2020,11,22842.0,311.0,1.362
Israel,2020,12,86071.0,453.0,0.526
Israel,2021,1,220173.0,1471.0,0.668
Israel,2021,2,132372.0,956.0,0.722
Israel,2021,3,57298.0,457.0,0.798
Israel,2021,4,5376.0,154.0,2.865
Italy,2020,4,99671.0,15539.0,15.59
Italy,2020,5,27534.0,5448.0,19.786
Italy,2020,6,7581.0,1352.0,17.834
Italy,2020,7,6959.0,374.0,5.374
Italy,2020,8,21677.0,342.0,1.578
Italy,2020,9,45647.0,411.0,0.9
Italy,2020,10,364569.0,2724.0,0.747
Italy,2020,11,922124.0,16958.0,1.839
Italy,2020,12,505612.0,18583.0,3.675
Italy,2021,1,445866.0,14357.0,3.22
Italy,2021,2,372233.0,9183.0,2.467
Italy,2021,3,659634.0,11647.0,1.766
Italy,2021,4,437754.0,11461.0,2.618
Ivory Coast,2020,4,1096.0,13.0,1.186
Ivory Coast,2020,5,1558.0,19.0,1.22
Ivory Coast,2020,6,6666.0,35.0,0.525
Ivory Coast,2020,7,6548.0,34.0,0.519
Ivory Coast,2020,8,2020.0,15.0,0.743
Ivory Coast,2020,9,1657.0,3.0,0.181
Ivory Coast,2020,10,992.0,6.0,0.605
Ivory Coast,2020,11,615.0,6.0,0.976
Ivory Coast,2020,12,1159.0,5.0,0.431
Ivory Coast,2021,1,5909.0,17.0,0.288
Ivory Coast,2021,2,4355.0,38.0,0.873
Ivory Coast,2021,3,11135.0,52.0,0.467
Ivory Coast,2021,4,2147.0,42.0,1.956
Jamaica,2020,4,386.0,7.0,1.813
Jamaica,2020,5,164.0,1.0,0.61
Jamaica,2020,6,116.0,1.0,0.862
Jamaica,2020,7,176.0,0.0,0.0
Jamaica,2020,8,1581.0,11.0,0.696
Jamaica,2020,9,4023.0,86.0,2.138
Jamaica,2020,10,2612.0,99.0,3.79
Jamaica,2020,11,1669.0,51.0,3.056
Jamaica,2020,12,2064.0,45.0,2.18
Jamaica,2021,1,2826.0,48.0,1.699
Jamaica,2021,2,7610.0,72.0,0.946
Jamaica,2021,3,15974.0,174.0,1.089
Jamaica,2021,4,6341.0,182.0,2.87
Japan,2020,4,12135.0,374.0,3.082
Japan,2020,5,2663.0,468.0,17.574
Japan,2020,6,1864.0,74.0,3.97
Japan,2020,7,17619.0,36.0,0.204
Japan,2020,8,32162.0,290.0,0.902
Japan,2020,9,15195.0,277.0,1.823
Japan,2020,10,17736.0,194.0,1.094
Japan,2020,11,47635.0,307.0,0.644
Japan,2020,12,86849.0,1216.0,1.4
Japan,2021,1,154355.0,2461.0,1.594
Japan,2021,2,41924.0,2136.0,5.095
Japan,2021,3,42551.0,1266.0,2.975
Japan,2021,4,118623.0,1044.0,0.88
Jordan,2020,4,179.0,3.0,1.676
Jordan,2020,5,286.0,1.0,0.35
Jordan,2020,6,393.0,0.0,0.0
Jordan,2020,7,61.0,2.0,3.279
Jordan,2020,8,841.0,4.0,0.476
Jordan,2020,9,9791.0,46.0,0.47
Jordan,2020,10,60782.0,768.0,1.264
Jordan,2020,11,146823.0,1922.0,1.309
Jordan,2020,12,75064.0,1083.0,1.443
Jordan,2021,1,32361.0,482.0,1.489
Jordan,2021,2,64235.0,385.0,0.599
Jordan,2021,3,220487.0,2157.0,0.978
Jordan,2021,4,99796.0,1978.0,1.982
Kazakhstan,2020,4,3059.0,23.0,0.752
Kazakhstan,2020,5,7456.0,15.0,0.201
Kazakhstan,2020,6,11450.0,148.0,1.293
Kazakhstan,2020,7,68059.0,605.0,0.889
Kazakhstan,2020,8,40306.0,988.0,2.451
Kazakhstan,2020,9,10034.0,297.0,2.96
Kazakhstan,2020,10,8992.0,148.0,1.646
Kazakhstan,2020,11,24864.0,207.0,0.833
Kazakhstan,2020,12,26633.0,328.0,1.232
Kazakhstan,2021,1,34648.0,285.0,0.823
Kazakhstan,2021,2,26871.0,116.0,0.432
Kazakhstan,2021,3,34757.0,70.0,0.201
Kazakhstan,2021,4,78067.0,102.0,0.131
Kenya,2020,4,337.0,16.0,4.748
Kenya,2020,5,1566.0,47.0,3.001
Kenya,2020,6,4404.0,84.0,1.907
Kenya,2020,7,14270.0,193.0,1.352
Kenya,2020,8,13565.0,236.0,1.74
Kenya,2020,9,4328.0,134.0,3.096
Kenya,2020,10,16663.0,270.0,1.62
Kenya,2020,11,28426.0,488.0,1.717
Kenya,2020,12,12840.0,201.0,1.565
Kenya,2021,1,4315.0,93.0,2.155
Kenya,2021,2,5200.0,93.0,1.788
Kenya,2021,3,28085.0,297.0,1.058
Kenya,2021,4,25260.0,571.0,2.26
Kosovo,2020,4,687.0,21.0,3.057
Kosovo,2020,5,265.0,8.0,3.019
Kosovo,2020,6,1814.0,21.0,1.158
Kosovo,2020,7,5452.0,176.0,3.228
Kosovo,2020,8,5124.0,298.0,5.816
Kosovo,2020,9,2166.0,100.0,4.617
Kosovo,2020,10,3708.0,53.0,1.429
Kosovo,2020,11,20268.0,338.0,1.668
Kosovo,2020,12,11548.0,316.0,2.736
Kosovo,2021,1,9074.0,166.0,1.829
Kosovo,2021,2,8233.0,94.0,1.142
Kosovo,2021,3,20730.0,274.0,1.322
Kosovo,2021,4,14457.0,268.0,1.854
Kuwait,2020,4,3735.0,26.0,0.696
Kuwait,2020,5,23019.0,186.0,0.808
Kuwait,2020,6,19152.0,142.0,0.741
Kuwait,2020,7,20762.0,93.0,0.448
Kuwait,2020,8,18152.0,84.0,0.463
Kuwait,2020,9,20073.0,79.0,0.394
Kuwait,2020,10,20744.0,169.0,0.815
Kuwait,2020,11,16709.0,101.0,0.604
Kuwait,2020,12,7949.0,54.0,0.679
Kuwait,2021,1,14673.0,25.0,0.17
Kuwait,2021,2,25595.0,124.0,0.484
Kuwait,2021,3,41251.0,230.0,0.558
Kuwait,2021,4,41888.0,250.0,0.597
Kyrgyzstan,2020,4,639.0,8.0,1.252
Kyrgyzstan,2020,5,1002.0,8.0,0.798
Kyrgyzstan,2020,6,3758.0,45.0,1.197
Kyrgyzstan,2020,7,30299.0,1317.0,4.347
Kyrgyzstan,2020,8,8093.0,-320.0,-3.954
Kyrgyzstan,2020,9,2771.0,6.0,0.217
Kyrgyzstan,2020,10,12209.0,80.0,0.655
Kyrgyzstan,2020,11,14300.0,131.0,0.916
Kyrgyzstan,2020,12,7856.0,80.0,1.018
Kyrgyzstan,2021,1,3554.0,57.0,1.604
Kyrgyzstan,2021,2,1663.0,54.0,3.247
Kyrgyzstan,2021,3,2287.0,34.0,1.487
Kyrgyzstan,2021,4,6737.0,104.0,1.544
Laos,2020,4,10.0,0.0,0.0
Laos,2020,5,0.0,0.0,""
Laos,2020,6,0.0,0.0,""
Laos,2020,7,1.0,0.0,0.0
Laos,2020,8,2.0,0.0,0.0
Laos,2020,9,1.0,0.0,0.0
Laos,2020,10,1.0,0.0,0.0
Laos,2020,11,15.0,0.0,0.0
Laos,2020,12,2.0,0.0,0.0
Laos,2021,1,3.0,0.0,0.0
Laos,2021,2,1.0,0.0,0.0
Laos,2021,3,4.0,0.0,0.0
Laos,2021,4,708.0,0.0,0.0
Latvia,2020,4,460.0,15.0,3.261
Latvia,2020,5,208.0,9.0,4.327
Latvia,2020,6,52.0,6.0,11.538
Latvia,2020,7,113.0,2.0,1.77
Latvia,2020,8,165.0,2.0,1.212
Latvia,2020,9,428.0,3.0,0.701
Latvia,2020,10,4070.0,34.0,0.835
Latvia,2020,11,11181.0,135.0,1.207
Latvia,2020,12,23829.0,429.0,1.8
Latvia,2021,1,25337.0,560.0,2.21
Latvia,2021,2,19945.0,423.0,2.121
Latvia,2021,3,16177.0,281.0,1.737
Latvia,2021,4,16195.0,232.0,1.433
Lebanon,2020,4,255.0,12.0,4.706
Lebanon,2020,5,495.0,3.0,0.606
Lebanon,2020,6,558.0,7.0,1.254
Lebanon,2020,7,2777.0,27.0,0.972
Lebanon,2020,8,12753.0,106.0,0.831
Lebanon,2020,9,22326.0,200.0,0.896
Lebanon,2020,10,41594.0,270.0,0.649
Lebanon,2020,11,46716.0,381.0,0.816
Lebanon,2020,12,53559.0,450.0,0.84
Lebanon,2021,1,119549.0,1614.0,1.35
Lebanon,2021,2,73998.0,1610.0,2.176
Lebanon,2021,3,93350.0,1542.0,1.652
Lebanon,2021,4,58178.0,1044.0,1.794
Lesotho,2020,5,0.0,0.0,""
Lesotho,2020,6,25.0,0.0,0.0
Lesotho,2020,7,577.0,13.0,2.253
Lesotho,2020,8,481.0,18.0,3.742
Lesotho,2020,9,510.0,5.0,0.98
Lesotho,2020,10,358.0,8.0,2.235
Lesotho,2020,11,156.0,0.0,0.0
Lesotho,2020,12,985.0,7.0,0.711
Lesotho,2021,1,5570.0,121.0,2.172
Lesotho,2021,2,1827.0,120.0,6.568
Lesotho,2021,3,215.0,23.0,10.698
Lesotho,2021,4,25.0,1.0,4.0
Liberia,2020,4,138.0,16.0,11.594
Liberia,2020,5,147.0,11.0,7.483
Liberia,2020,6,492.0,9.0,1.829
Liberia,2020,7,406.0,39.0,9.606
Liberia,2020,8,118.0,7.0,5.932
Liberia,2020,9,39.0,0.0,0.0
Liberia,2020,10,83.0,0.0,0.0
Liberia,2020,11,169.0,1.0,0.592
Liberia,2020,12,184.0,0.0,0.0
Liberia,2021,1,160.0,1.0,0.625
Liberia,2021,2,75.0,1.0,1.333
Liberia,2021,3,28.0,0.0,0.0
Liberia,2021,4,57.0,0.0,0.0
Libya,2020,4,51.0,3.0,5.882
Libya,2020,5,95.0,2.0,2.105
Libya,2020,6,668.0,19.0,2.844
Libya,2020,7,2797.0,50.0,1.788
Libya,2020,8,10345.0,163.0,1.576
Libya,2020,9,20559.0,314.0,1.527
Libya,2020,10,26570.0,306.0,1.152
Libya,2020,11,21714.0,326.0,1.501
Libya,2020,12,17468.0,295.0,1.689
Libya,2021,1,18354.0,399.0,2.174
Libya,2021,2,14707.0,302.0,2.053
Libya,2021,3,25619.0,488.0,1.905
Libya,2021,4,18551.0,362.0,1.951
Liechtenstein,2020,4,14.0,1.0,7.143
Liechtenstein,2020,5,0.0,0.0,""
Liechtenstein,2020,6,0.0,0.0,""
Liechtenstein,2020,7,6.0,0.0,0.0
Liechtenstein,2020,8,19.0,0.0,0.0
Liechtenstein,2020,9,11.0,0.0,0.0
Liechtenstein,2020,10,415.0,2.0,0.482
Liechtenstein,2020,11,737.0,13.0,1.764
Liechtenstein,2020,12,866.0,23.0,2.656
Liechtenstein,2021,1,357.0,13.0,3.641
Liechtenstein,2021,2,74.0,2.0,2.703
Liechtenstein,2021,3,103.0,2.0,1.942
Liechtenstein,2021,4,256.0,1.0,0.391
Lithuania,2020,4,907.0,28.0,3.087
Lithuania,2020,5,292.0,22.0,7.534
Lithuania,2020,6,145.0,7.0,4.828
Lithuania,2020,7,257.0,2.0,0.778
Lithuania,2020,8,831.0,6.0,0.722
Lithuania,2020,9,1788.0,8.0,0.447
Lithuania,2020,10,10127.0,75.0,0.741
Lithuania,2020,11,46496.0,468.0,1.007
Lithuania,2020,12,80644.0,1176.0,1.458
Lithuania,2021,1,40588.0,1012.0,2.493
Lithuania,2021,2,16602.0,436.0,2.626
Lithuania,2021,3,16974.0,330.0,1.944
Lithuania,2021,4,31150.0,349.0,1.12
Luxembourg,2020,4,1606.0,67.0,4.172
Luxembourg,2020,5,234.0,20.0,8.547
Luxembourg,2020,6,281.0,0.0,0.0
Luxembourg,2020,7,2396.0,4.0,0.167
Luxembourg,2020,8,-70.0,10.0,-14.286
Luxembourg,2020,9,1884.0,0.0,0.0
Luxembourg,2020,10,8625.0,28.0,0.325
Luxembourg,2020,11,17544.0,169.0,0.963
Luxembourg,2020,12,11737.0,174.0,1.482
Luxembourg,2021,1,3973.0,82.0,2.064
Luxembourg,2021,2,4722.0,60.0,1.271
Luxembourg,2021,3,6532.0,109.0,1.669
Luxembourg,2021,4,5563.0,50.0,0.899
MS Zaandam,2020,4,7.0,2.0,28.571
MS Zaandam,2020,5,0.0,0.0,""
MS Zaandam,2020,6,0.0,0.0,""
MS Zaandam,2020,7,0.0,0.0,""
MS Zaandam,2020,8,0.0,0.0,""
MS Zaandam,2020,9,0.0,0.0,""
MS Zaandam,2020,10,0.0,0.0,""
MS Zaandam,2020,11,0.0,0.0,""
MS Zaandam,2020,12,0.0,0.0,""
MS Zaandam,2021,1,0.0,0.0,""
MS Zaandam,2021,2,0.0,0.0,""
MS Zaandam,2021,3,0.0,0.0,""
MS Zaandam,2021,4,0.0,0.0,""
Macau,2020,4,4.0,0.0,0.0
Macau,2020,5,0.0,0.0,""
Macau,2020,6,1.0,0.0,0.0
Macau,2020,7,0.0,0.0,""
Macau,2020,8,0.0,0.0,""
Macau,2020,9,0.0,0.0,""
Macau,2020,10,0.0,0.0,""
Macau,2020,11,0.0,0.0,""
Macau,2020,12,0.0,0.0,""
Macau,2021,1,1.0,0.0,0.0
Macau,2021,2,1.0,0.0,0.0
Macau,2021,3,0.0,0.0,""
Macau,2021,4,1.0,0.0,0.0
Madagascar,2020,4,71.0,0.0,0.0
Madagascar,2020,5,643.0,6.0,0.933
Madagascar,2020,6,1443.0,14.0,0.97
Madagascar,2020,7,8654.0,86.0,0.994
Madagascar,2020,8,3995.0,86.0,2.153
Madagascar,2020,9,1545.0,38.0,2.46
Madagascar,2020,10,703.0,14.0,1.991
Madagascar,2020,11,230.0,7.0,3.043
Madagascar,2020,12,373.0,10.0,2.681
Madagascar,2021,1,1351.0,20.0,1.48
Madagascar,2021,2,766.0,16.0,2.089
Madagascar,2021,3,4595.0,121.0,2.633
Madagascar,2021,4,12588.0,225.0,1.787
Malawi,2020,4,0.0,0.0,""
Malawi,2020,5,247.0,1.0,0.405
Malawi,2020,6,940.0,10.0,1.064
Malawi,2020,7,2854.0,100.0,3.504
Malawi,2020,8,1488.0,61.0,4.099
Malawi,2020,9,207.0,4.0,1.932
Malawi,2020,10,157.0,5.0,3.185
Malawi,2020,11,98.0,1.0,1.02
Malawi,2020,12,555.0,4.0,0.721
Malawi,2021,1,17380.0,513.0,2.952
Malawi,2021,2,7982.0,342.0,4.285
Malawi,2021,3,1606.0,73.0,4.545
Malawi,2021,4,527.0,31.0,5.882
Malaysia,2020,4,3236.0,59.0,1.823
Malaysia,2020,5,1817.0,13.0,0.715
Malaysia,2020,6,820.0,6.0,0.732
Malaysia,2020,7,337.0,4.0,1.187
Malaysia,2020,8,364.0,2.0,0.549
Malaysia,2020,9,1884.0,9.0,0.478
Malaysia,2020,10,20324.0,113.0,0.556
Malaysia,2020,11,34149.0,111.0,0.325
Malaysia,2020,12,47313.0,111.0,0.235
Malaysia,2021,1,101949.0,289.0,0.283
Malaysia,2021,2,85793.0,370.0,0.431
Malaysia,2021,3,44748.0,142.0,0.317
Malaysia,2021,4,63213.0,234.0,0.37
Maldives,2020,4,450.0,1.0,0.222
Maldives,2020,5,1305.0,4.0,0.307
Maldives,2020,6,588.0,4.0,0.68
Maldives,2020,7,1432.0,7.0,0.489
Maldives,2020,8,4011.0,12.0,0.299
Maldives,2020,9,2487.0,6.0,0.241
Maldives,2020,10,1368.0,4.0,0.292
Maldives,2020,11,1352.0,8.0,0.592
Maldives,2020,12,746.0,2.0,0.268
Maldives,2021,1,2084.0,4.0,0.192
Maldives,2021,2,3952.0,10.0,0.253
Maldives,2021,3,4286.0,5.0,0.117
Maldives,2021,4,5756.0,6.0,0.104
Mali,2020,4,462.0,24.0,5.195
Mali,2020,5,775.0,51.0,6.581
Mali,2020,6,916.0,39.0,4.258
Mali,2020,7,354.0,8.0,2.26
Mali,2020,8,241.0,2.0,0.83
Mali,2020,9,342.0,5.0,1.462
Mali,2020,10,436.0,5.0,1.147
Mali,2020,11,1156.0,20.0,1.73
Mali,2020,12,2380.0,113.0,4.748
Mali,2021,1,1001.0,61.0,6.094
Mali,2021,2,285.0,23.0,8.07
Mali,2021,3,1666.0,32.0,1.921
Mali,2021,4,3816.0,99.0,2.594
Malta,2020,4,296.0,4.0,1.351
Malta,2020,5,153.0,5.0,3.268
Malta,2020,6,52.0,0.0,0.0
Malta,2020,7,154.0,0.0,0.0
Malta,2020,8,1059.0,3.0,0.283
Malta,2020,9,1175.0,23.0,1.957
Malta,2020,10,2984.0,27.0,0.905
Malta,2020,11,3831.0,75.0,1.958
Malta,2020,12,2901.0,82.0,2.827
Malta,2021,1,5129.0,48.0,0.936
Malta,2021,2,4579.0,48.0,1.048
Malta,2021,3,6551.0,77.0,1.175
Malta,2021,4,1259.0,21.0,1.668
Marshall Islands,2020,10,0.0,0.0,""
Marshall Islands,2020,11,2.0,0.0,0.0
Marshall Islands,2020,12,0.0,0.0,""
Marshall Islands,2021,1,0.0,0.0,""
Marshall Islands,2021,2,0.0,0.0,""
Marshall Islands,2021,3,0.0,0.0,""
Marshall Islands,2021,4,0.0,0.0,""
Mauritania,2020,4,2.0,0.0,0.0
Mauritania,2020,5,522.0,22.0,4.215
Mauritania,2020,6,3833.0,106.0,2.765
Mauritania,2020,7,1947.0,28.0,1.438
Mauritania,2020,8,738.0,2.0,0.271
Mauritania,2020,9,454.0,2.0,0.441
Mauritania,2020,10,201.0,2.0,0.995
Mauritania,2020,11,898.0,14.0,1.559
Mauritania,2020,12,5763.0,170.0,2.95
Mauritania,2021,1,2271.0,75.0,3.303
Mauritania,2021,2,572.0,19.0,3.322
Mauritania,2021,3,640.0,8.0,1.25
Mauritania,2021,4,555.0,6.0,1.081
Mauritius,2020,4,189.0,5.0,2.646
Mauritius,2020,5,3.0,0.0,0.0
Mauritius,2020,6,6.0,0.0,0.0
Mauritius,2020,7,3.0,0.0,0.0
Mauritius,2020,8,12.0,0.0,0.0
Mauritius,2020,9,25.0,0.0,0.0
Mauritius,2020,10,60.0,0.0,0.0
Mauritius,2020,11,63.0,0.0,0.0
Mauritius,2020,12,23.0,0.0,0.0
Mauritius,2021,1,42.0,0.0,0.0
Mauritius,2021,2,41.0,0.0,0.0
Mauritius,2021,3,418.0,2.0,0.478
Mauritius,2021,4,181.0,5.0,2.762
Mexico,2020,4,18130.0,1831.0,10.099
Mexico,2020,5,71440.0,8071.0,11.298
Mexico,2020,6,135425.0,17839.0,13.173
Mexico,2020,7,198548.0,18919.0,9.529
Mexico,2020,8,174923.0,17726.0,10.134
Mexico,2020,9,143656.0,13232.0,9.211
Mexico,2020,10,181746.0,14107.0,7.762
Mexico,2020,11,188581.0,14187.0,7.523
Mexico,2020,12,312551.0,19867.0,6.356
Mexico,2021,1,438166.0,32729.0,7.47
Mexico,2021,2,222678.0,27179.0,12.206
Mexico,2021,3,151949.0,17495.0,11.514
Mexico,2021,4,105868.0,13697.0,12.938
Micronesia,2021,1,0.0,0.0,""
Micronesia,2021,2,0.0,0.0,""
Micronesia,2021,3,0.0,0.0,""
Micronesia,2021,4,0.0,0.0,""
Moldova,2020,4,3544.0,112.0,3.16
Moldova,2020,5,4354.0,179.0,4.111
Moldova,2020,6,8362.0,250.0,2.99
Moldova,2020,7,8120.0,233.0,2.869
Moldova,2020,8,12187.0,217.0,1.781
Moldova,2020,9,16122.0,325.0,2.016
Moldova,2020,10,22998.0,465.0,2.022
Moldova,2020,11,31324.0,519.0,1.657
Moldova,2020,12,37454.0,681.0,1.818
Moldova,2021,1,14986.0,453.0,3.023
Moldova,2021,2,25649.0,511.0,1.992
Moldova,2021,3,44788.0,1011.0,2.257
Moldova,2021,4,20596.0,852.0,4.137
Monaco,2020,4,43.0,3.0,6.977
Monaco,2020,5,4.0,0.0,0.0
Monaco,2020,6,4.0,0.0,0.0
Monaco,2020,7,17.0,0.0,0.0
Monaco,2020,8,34.0,0.0,0.0
Monaco,2020,9,64.0,-2.0,-3.125
Monaco,2020,10,141.0,0.0,0.0
Monaco,2020,11,250.0,1.0,0.4
Monaco,2020,12,266.0,0.0,0.0
Monaco,2021,1,614.0,10.0,1.629
Monaco,2021,2,467.0,11.0,2.355
Monaco,2021,3,332.0,4.0,1.205
Monaco,2021,4,166.0,4.0,2.41
Mongolia,2020,4,26.0,0.0,0.0
Mongolia,2020,5,141.0,0.0,0.0
Mongolia,2020,6,41.0,0.0,0.0
Mongolia,2020,7,71.0,0.0,0.0
Mongolia,2020,8,13.0,0.0,0.0
Mongolia,2020,9,9.0,0.0,0.0
Mongolia,2020,10,33.0,0.0,0.0
Mongolia,2020,11,455.0,0.0,0.0
Mongolia,2020,12,419.0,1.0,0.239
Mongolia,2021,1,594.0,1.0,0.168
Mongolia,2021,2,1138.0,0.0,0.0
Mongolia,2021,3,5889.0,6.0,0.102
Mongolia,2021,4,28444.0,107.0,0.376
Montenegro,2020,4,213.0,5.0,2.347
Montenegro,2020,5,2.0,2.0,100.0
Montenegro,2020,6,224.0,3.0,1.339
Montenegro,2020,7,2525.0,36.0,1.426
Montenegro,2020,8,1762.0,52.0,2.951
Montenegro,2020,9,5937.0,69.0,1.162
Montenegro,2020,10,7569.0,132.0,1.744
Montenegro,2020,11,16924.0,198.0,1.17
Montenegro,2020,12,12982.0,183.0,1.41
Montenegro,2021,1,13412.0,123.0,0.917
Montenegro,2021,2,14175.0,198.0,1.397
Montenegro,2021,3,15384.0,271.0,1.762
Montenegro,2021,4,6171.0,221.0,3.581
Morocco,2020,4,3806.0,134.0,3.521
Morocco,2020,5,3384.0,35.0,1.034
Morocco,2020,6,4726.0,23.0,0.487
Morocco,2020,7,11789.0,125.0,1.06
Morocco,2020,8,38268.0,788.0,2.059
Morocco,2020,9,61063.0,1053.0,1.724
Morocco,2020,10,95431.0,1501.0,1.573
Morocco,2020,11,137252.0,2151.0,1.567
Morocco,2020,12,82857.0,1542.0,1.861
Morocco,2021,1,31964.0,887.0,2.775
Morocco,2021,2,12497.0,348.0,2.785
Morocco,2021,3,12443.0,195.0,1.567
Morocco,2021,4,15152.0,205.0,1.353
Mozambique,2020,4,68.0,0.0,0.0
Mozambique,2020,5,178.0,2.0,1.124
Mozambique,2020,6,635.0,4.0,0.63
Mozambique,2020,7,975.0,5.0,0.513
Mozambique,2020,8,2052.0,12.0,0.585
Mozambique,2020,9,4812.0,38.0,0.79
Mozambique,2020,10,4141.0,31.0,0.749
Mozambique,2020,11,2832.0,39.0,1.377
Mozambique,2020,12,2941.0,35.0,1.19
Mozambique,2021,1,20012.0,201.0,1.004
Mozambique,2021,2,20696.0,274.0,1.324
Mozambique,2021,3,8229.0,134.0,1.628
Mozambique,2021,4,2338.0,39.0,1.668
Namibia,2020,4,5.0,0.0,0.0
Namibia,2020,5,8.0,0.0,0.0
Namibia,2020,6,181.0,0.0,0.0
Namibia,2020,7,1924.0,10.0,0.52
Namibia,2020,8,5421.0,65.0,1.199
Namibia,2020,9,3715.0,46.0,1.238
Namibia,2020,10,1670.0,12.0,0.719
Namibia,2020,11,1445.0,18.0,1.246
Namibia,2020,12,9561.0,54.0,0.565
Namibia,2021,1,10003.0,147.0,1.47
Namibia,2021,2,4901.0,72.0,1.469
Namibia,2021,3,5294.0,99.0,1.87
Namibia,2021,4,4212.0,119.0,2.825
Nepal,2020,4,52.0,0.0,0.0
Nepal,2020,5,1515.0,8.0,0.528
Nepal,2020,6,11992.0,21.0,0.175
Nepal,2020,7,6207.0,27.0,0.435
Nepal,2020,8,19689.0,172.0,0.874
Nepal,2020,9,38357.0,270.0,0.704
Nepal,2020,10,92926.0,439.0,0.472
Nepal,2020,11,62709.0,571.0,0.911
Nepal,2020,12,27141.0,348.0,1.282
Nepal,2021,1,10366.0,173.0,1.669
Nepal,2021,2,3184.0,745.0,23.398
Nepal,2021,3,3166.0,256.0,8.086
Nepal,2021,4,45878.0,249.0,0.543
Netherlands,2020,4,26845.0,3771.0,14.047
Netherlands,2020,5,7133.0,1164.0,16.319
Netherlands,2020,6,3838.0,157.0,4.091
Netherlands,2020,7,4107.0,34.0,0.828
Netherlands,2020,8,18642.0,86.0,0.461
Netherlands,2020,9,52756.0,205.0,0.389
Netherlands,2020,10,231652.0,1002.0,0.433
Netherlands,2020,11,174290.0,1994.0,1.144
Netherlands,2020,12,276452.0,2072.0,0.749
Netherlands,2021,1,183693.0,2583.0,1.406
Netherlands,2021,2,111489.0,1580.0,1.417
Netherlands,2021,3,189242.0,1001.0,0.529
Netherlands,2021,4,230167.0,709.0,0.308
New Zealand,2020,4,832.0,18.0,2.163
New Zealand,2020,5,25.0,3.0,12.0
New Zealand,2020,6,24.0,0.0,0.0
New Zealand,2020,7,34.0,0.0,0.0
New Zealand,2020,8,190.0,0.0,0.0
New Zealand,2020,9,96.0,3.0,3.125
New Zealand,2020,10,111.0,0.0,0.0
New Zealand,2020,11,100.0,0.0,0.0
New Zealand,2020,12,103.0,0.0,0.0
New Zealand,2021,1,142.0,0.0,0.0
New Zealand,2021,2,74.0,1.0,1.351
New Zealand,2021,3,123.0,0.0,0.0
New Zealand,2021,4,112.0,0.0,0.0
Nicaragua,2020,4,9.0,2.0,22.222
Nicaragua,2020,5,745.0,32.0,4.295
Nicaragua,2020,6,1760.0,48.0,2.727
Nicaragua,2020,7,1153.0,33.0,2.862
Nicaragua,2020,8,822.0,21.0,2.555
Nicaragua,2020,9,676.0,14.0,2.071
Nicaragua,2020,10,344.0,5.0,1.453
Nicaragua,2020,11,270.0,4.0,1.481
Nicaragua,2020,12,262.0,5.0,1.908
Nicaragua,2021,1,207.0,4.0,1.932
Nicaragua,2021,2,192.0,4.0,2.083
Nicaragua,2021,3,232.0,5.0,2.155
Nicaragua,2021,4,221.0,4.0,1.81
Niger,2020,4,692.0,29.0,4.191
Niger,2020,5,239.0,32.0,13.389
Niger,2020,6,117.0,3.0,2.564
Niger,2020,7,59.0,2.0,3.39
Niger,2020,8,42.0,0.0,0.0
Niger,2020,9,21.0,0.0,0.0
Niger,2020,10,23.0,0.0,0.0
Niger,2020,11,328.0,3.0,0.915
Niger,2020,12,1775.0,32.0,1.803
Niger,2021,1,1194.0,55.0,4.606
Niger,2021,2,223.0,13.0,5.83
Niger,2021,3,261.0,14.0,5.364
Niger,2021,4,227.0,5.0,2.203
Nigeria,2020,4,1797.0,56.0,3.116
Nigeria,2020,5,8230.0,229.0,2.783
Nigeria,2020,6,15532.0,303.0,1.951
Nigeria,2020,7,17457.0,289.0,1.655
Nigeria,2020,8,10857.0,134.0,1.234
Nigeria,2020,9,4840.0,99.0,2.045
Nigeria,2020,10,4005.0,32.0,0.799
Nigeria,2020,11,4704.0,29.0,0.616
Nigeria,2020,12,20050.0,116.0,0.579
Nigeria,2021,1,43635.0,297.0,0.681
Nigeria,2021,2,24415.0,321.0,1.315
Nigeria,2021,3,7234.0,150.0,2.074
Nigeria,2021,4,2219.0,6.0,0.27
North Macedonia,2020,4,1136.0,68.0,5.986
North Macedonia,2020,5,761.0,56.0,7.359
North Macedonia,2020,6,4108.0,169.0,4.114
North Macedonia,2020,7,4420.0,184.0,4.163
North Macedonia,2020,8,3587.0,117.0,3.262
North Macedonia,2020,9,3636.0,136.0,3.74
North Macedonia,2020,10,13595.0,255.0,1.876
North Macedonia,2020,11,30306.0,769.0,2.537
North Macedonia,2020,12,21451.0,740.0,3.45
North Macedonia,2021,1,9364.0,352.0,3.759
North Macedonia,2021,2,10094.0,282.0,2.794
North Macedonia,2021,3,27235.0,644.0,2.365
North Macedonia,2021,4,22345.0,1074.0,4.806
Norway,2020,4,3097.0,171.0,5.521
Norway,2020,5,702.0,26.0,3.704
Norway,2020,6,439.0,14.0,3.189
Norway,2020,7,361.0,5.0,1.385
Norway,2020,8,1542.0,9.0,0.584
Norway,2020,9,3245.0,10.0,0.308
Norway,2020,10,6304.0,8.0,0.127
Norway,2020,11,15819.0,50.0,0.316
Norway,2020,12,13417.0,104.0,0.775
Norway,2021,1,13399.0,128.0,0.955
Norway,2021,2,8040.0,58.0,0.721
Norway,2021,3,25073.0,51.0,0.203
Norway,2021,4,16891.0,83.0,0.491
Oman,2020,4,2156.0,10.0,0.464
Oman,2020,5,9089.0,38.0,0.418
Oman,2020,6,28633.0,127.0,0.444
Oman,2020,7,39089.0,245.0,0.627
Oman,2020,8,6563.0,264.0,4.023
Oman,2020,9,12863.0,250.0,1.944
Oman,2020,10,15849.0,273.0,1.723
Oman,2020,11,9265.0,215.0,2.321
Oman,2020,12,5168.0,76.0,1.471
Oman,2021,1,5459.0,30.0,0.55
Oman,2021,2,7170.0,41.0,0.572
Oman,2021,3,17722.0,108.0,0.609
Oman,2021,4,34035.0,332.0,0.975
Pakistan,2020,4,14879.0,359.0,2.413
Pakistan,2020,5,52679.0,1098.0,2.084
Pakistan,2020,6,143974.0,2912.0,2.023
Pakistan,2020,7,64835.0,1556.0,2.4
Pakistan,2020,8,17544.0,343.0,1.955
Pakistan,2020,9,16957.0,190.0,1.12
Pakistan,2020,10,21164.0,339.0,1.602
Pakistan,2020,11,66512.0,1268.0,1.906
Pakistan,2020,12,81696.0,2085.0,2.552
Pakistan,2021,1,64250.0,1507.0,2.346
Pakistan,2021,2,34937.0,1213.0,3.472
Pakistan,2021,3,91566.0,1634.0,1.785
Pakistan,2021,4,152588.0,3427.0,2.246
Panama,2020,4,5351.0,158.0,2.953
Panama,2020,5,6931.0,148.0,2.135
Panama,2020,6,20087.0,295.0,1.469
Panama,2020,7,31706.0,790.0,2.492
Panama,2020,8,27726.0,581.0,2.096
Panama,2020,9,19613.0,370.0,1.887
Panama,2020,10,21003.0,328.0,1.562
Panama,2020,11,32208.0,379.0,1.177
Panama,2020,12,80984.0,943.0,1.164
Panama,2021,1,73589.0,1248.0,1.696
Panama,2021,2,20536.0,575.0,2.8
Panama,2021,3,14136.0,269.0,1.903
Panama,2021,4,9525.0,118.0,1.239
Papua New Guinea,2020,4,7.0,0.0,0.0
Papua New Guinea,2020,5,0.0,0.0,""
Papua New Guinea,2020,6,3.0,0.0,0.0
Papua New Guinea,2020,7,61.0,2.0,3.279
Papua New Guinea,2020,8,387.0,3.0,0.775
Papua New Guinea,2020,9,75.0,2.0,2.667
Papua New Guinea,2020,10,55.0,0.0,0.0
Papua New Guinea,2020,11,67.0,0.0,0.0
Papua New Guinea,2020,12,124.0,2.0,1.613
Papua New Guinea,2021,1,71.0,0.0,0.0
Papua New Guinea,2021,2,424.0,3.0,0.708
Papua New Guinea,2021,3,4716.0,48.0,1.018
Papua New Guinea,2021,4,5006.0,47.0,0.939
Paraguay,2020,4,201.0,7.0,3.483
Paraguay,2020,5,720.0,1.0,0.139
Paraguay,2020,6,1235.0,6.0,0.486
Paraguay,2020,7,3117.0,32.0,1.027
Paraguay,2020,8,12324.0,277.0,2.248
Paraguay,2020,9,23096.0,531.0,2.299
Paraguay,2020,10,22427.0,547.0,2.439
Paraguay,2020,11,19239.0,352.0,1.83
Paraguay,2020,12,25508.0,506.0,1.984
Paraguay,2021,1,25295.0,456.0,1.803
Paraguay,2021,2,26247.0,463.0,1.764
Paraguay,2021,3,55193.0,1025.0,1.857
Paraguay,2021,4,64410.0,2179.0,3.383
Peru,2020,4,35911.0,1021.0,2.843
Peru,2020,5,127500.0,3455.0,2.71
Peru,2020,6,120737.0,5171.0,4.283
Peru,2020,7,122279.0,9344.0,7.642
Peru,2020,8,239674.0,9767.0,4.075
Peru,2020,9,164602.0,3608.0,2.192
Peru,2020,10,88412.0,2015.0,2.279
Peru,2020,11,62350.0,1512.0,2.425
Peru,2020,12,52607.0,1757.0,3.34
Peru,2021,1,123102.0,3346.0,2.718
Peru,2021,2,185624.0,5273.0,2.841
Peru,2021,3,224944.0,5709.0,2.538
Peru,2021,4,250638.0,9469.0,3.778
Philippines,2020,4,6404.0,480.0,7.495
Philippines,2020,5,9598.0,389.0,4.053
Philippines,2020,6,19428.0,309.0,1.59
Philippines,2020,7,55840.0,757.0,1.356
Philippines,2020,8,127465.0,1535.0,1.204
Philippines,2020,9,90875.0,1946.0,2.141
Philippines,2020,10,69035.0,1717.0,2.487
Philippines,2020,11,50901.0,1171.0,2.301
Philippines,2020,12,42434.0,852.0,2.008
Philippines,2021,1,51554.0,1505.0,2.919
Philippines,2021,2,50734.0,1569.0,3.093
Philippines,2021,3,170936.0,979.0,0.573
Philippines,2021,4,290172.0,3937.0,1.357
Poland,2020,4,10566.0,611.0,5.783
Poland,2020,5,10909.0,420.0,3.85
Poland,2020,6,10607.0,399.0,3.762
Poland,2020,7,11295.0,253.0,2.24
Poland,2020,8,21684.0,323.0,1.49
Poland,2020,9,24142.0,474.0,1.963
Poland,2020,10,271217.0,3118.0,1.15
Poland,2020,11,628080.0,11519.0,1.834
Poland,2020,12,304067.0,11404.0,3.75
Poland,2021,1,218507.0,8626.0,3.948
Poland,2021,2,193601.0,6589.0,3.403
Poland,2021,3,614731.0,9276.0,1.509
Poland,2021,4,470425.0,14457.0,3.073
Portugal,2020,4,17602.0,829.0,4.71
Portugal,2020,5,7455.0,421.0,5.647
Portugal,2020,6,9641.0,166.0,1.722
Portugal,2020,7,8931.0,159.0,1.78
Portugal,2020,8,6940.0,87.0,1.254
Portugal,2020,9,17530.0,149.0,0.85
Portugal,2020,10,65737.0,536.0,0.815
Portugal,2020,11,156782.0,1998.0,1.274
Portugal,2020,12,115617.0,2401.0,2.077
Portugal,2021,1,306838.0,5576.0,1.817
Portugal,2021,2,84046.0,3835.0,4.563
Portugal,2021,3,17160.0,531.0,3.094
Portugal,2021,4,14771.0,126.0,0.853
Qatar,2020,4,12628.0,8.0,0.063
Qatar,2020,5,43501.0,28.0,0.064
Qatar,2020,6,39178.0,75.0,0.191
Qatar,2020,7,14607.0,61.0,0.418
Qatar,2020,8,8083.0,23.0,0.285
Qatar,2020,9,6982.0,17.0,0.243
Qatar,2020,10,6796.0,18.0,0.265
Qatar,2020,11,6277.0,5.0,0.08
Qatar,2020,12,5001.0,8.0,0.16
Qatar,2021,1,7501.0,3.0,0.04
Qatar,2021,2,12329.0,10.0,0.081
Qatar,2021,3,16300.0,33.0,0.202
Qatar,2021,4,25688.0,167.0,0.65
Romania,2020,4,9995.0,635.0,6.353
Romania,2020,5,7017.0,549.0,7.824
Romania,2020,6,7713.0,385.0,4.992
Romania,2020,7,23916.0,692.0,2.893
Romania,2020,8,36654.0,1278.0,3.487
Romania,2020,9,40032.0,1204.0,3.008
Romania,2020,10,113767.0,2143.0,1.884
Romania,2020,11,234023.0,4363.0,1.864
Romania,2020,12,156901.0,4436.0,2.827
Romania,2021,1,96480.0,2568.0,2.662
Romania,2021,2,73251.0,2015.0,2.751
Romania,2021,3,150809.0,3188.0,2.114
Romania,2021,4,102462.0,4571.0,4.461
Russia,2020,4,104161.0,1056.0,1.014
Russia,2020,5,299345.0,3620.0,1.209
Russia,2020,6,241086.0,4613.0,1.913
Russia,2020,7,191532.0,4633.0,2.419
Russia,2020,8,153941.0,3189.0,2.072
Russia,2020,9,178397.0,3502.0,1.963
Russia,2020,10,435468.0,7157.0,1.644
Russia,2020,11,669669.0,11704.0,1.748
Russia,2020,12,851411.0,16780.0,1.971
Russia,2021,1,681001.0,15758.0,2.314
Russia,2021,2,390052.0,12671.0,3.249
Russia,2021,3,295834.0,12519.0,4.232
Russia,2021,4,256521.0,11071.0,4.316
Rwanda,2020,4,168.0,0.0,0.0
Rwanda,2020,5,127.0,1.0,0.787
Rwanda,2020,6,655.0,1.0,0.153
Rwanda,2020,7,997.0,3.0,0.301
Rwanda,2020,8,2041.0,11.0,0.539
Rwanda,2020,9,777.0,13.0,1.673
Rwanda,2020,10,297.0,6.0,2.02
Rwanda,2020,11,797.0,14.0,1.757
Rwanda,2020,12,2449.0,43.0,1.756
Rwanda,2021,1,6921.0,104.0,1.503
Rwanda,2021,2,3546.0,65.0,1.833
Rwanda,2021,3,2933.0,46.0,1.568
Rwanda,2021,4,3333.0,28.0,0.84
Saint Kitts and Nevis,2020,4,7.0,0.0,0.0
Saint Kitts and Nevis,2020,5,0.0,0.0,""
Saint Kitts and Nevis,2020,6,0.0,0.0,""
Saint Kitts and Nevis,2020,7,2.0,0.0,0.0
Saint Kitts and Nevis,2020,8,0.0,0.0,""
Saint Kitts and Nevis,2020,9,2.0,0.0,0.0
Saint Kitts and Nevis,2020,10,0.0,0.0,""
Saint Kitts and Nevis,2020,11,3.0,0.0,0.0
Saint Kitts and Nevis,2020,12,10.0,0.0,0.0
Saint Kitts and Nevis,2021,1,5.0,0.0,0.0
Saint Kitts and Nevis,2021,2,4.0,0.0,0.0
Saint Kitts and Nevis,2021,3,3.0,0.0,0.0
Saint Kitts and Nevis,2021,4,0.0,0.0,""
Saint Lucia,2020,4,4.0,0.0,0.0
Saint Lucia,2020,5,1.0,0.0,0.0
Saint Lucia,2020,6,1.0,0.0,0.0
Saint Lucia,2020,7,6.0,0.0,0.0
Saint Lucia,2020,8,1.0,0.0,0.0
Saint Lucia,2020,9,1.0,0.0,0.0
Saint Lucia,2020,10,51.0,0.0,0.0
Saint Lucia,2020,11,181.0,2.0,1.105
Saint Lucia,2020,12,94.0,3.0,3.191
Saint Lucia,2021,1,842.0,8.0,0.95
Saint Lucia,2021,2,2195.0,22.0,1.002
Saint Lucia,2021,3,848.0,25.0,2.948
Saint Lucia,2021,4,314.0,14.0,4.459
Saint Vincent and the Grenadines,2020,4,15.0,0.0,0.0
Saint Vincent and the Grenadines,2020,5,10.0,0.0,0.0
Saint Vincent and the Grenadines,2020,6,3.0,0.0,0.0
Saint Vincent and the Grenadines,2020,7,25.0,0.0,0.0
Saint Vincent and the Grenadines,2020,8,6.0,0.0,0.0
Saint Vincent and the Grenadines,2020,9,4.0,0.0,0.0
Saint Vincent and the Grenadines,2020,10,10.0,0.0,0.0
Saint Vincent and the Grenadines,2020,11,11.0,0.0,0.0
Saint Vincent and the Grenadines,2020,12,36.0,0.0,0.0
Saint Vincent and the Grenadines,2021,1,780.0,2.0,0.256
Saint Vincent and the Grenadines,2021,2,655.0,6.0,0.916
Saint Vincent and the Grenadines,2021,3,192.0,2.0,1.042
Saint Vincent and the Grenadines,2021,4,116.0,1.0,0.862
Samoa,2020,4,0.0,0.0,""
Samoa,2020,5,0.0,0.0,""
Samoa,2020,6,0.0,0.0,""
Samoa,2020,7,0.0,0.0,""
Samoa,2020,8,0.0,0.0,""
Samoa,2020,9,0.0,0.0,""
Samoa,2020,10,0.0,0.0,""
Samoa,2020,11,2.0,0.0,0.0
Samoa,2020,12,0.0,0.0,""
Samoa,2021,1,0.0,0.0,""
Samoa,2021,2,1.0,0.0,0.0
Samoa,2021,3,0.0,0.0,""
Samoa,2021,4,0.0,0.0,""
San Marino,2020,4,333.0,15.0,4.505
San Marino,2020,5,102.0,1.0,0.98
San Marino,2020,6,27.0,0.0,0.0
San Marino,2020,7,1.0,0.0,0.0
San Marino,2020,8,16.0,0.0,0.0
San Marino,2020,9,17.0,0.0,0.0
San Marino,2020,10,196.0,0.0,0.0
San Marino,2020,11,684.0,4.0,0.585
San Marino,2020,12,816.0,13.0,1.593
San Marino,2021,1,597.0,8.0,1.34
San Marino,2021,2,691.0,7.0,1.013
San Marino,2021,3,1014.0,10.0,0.986
San Marino,2021,4,336.0,6.0,1.786
Sao Tome and Principe,2020,4,0.0,0.0,""
Sao Tome and Principe,2020,5,469.0,12.0,2.559
Sao Tome and Principe,2020,6,231.0,1.0,0.433
Sao Tome and Principe,2020,7,157.0,2.0,1.274
Sao Tome and Principe,2020,8,25.0,0.0,0.0
Sao Tome and Principe,2020,9,15.0,0.0,0.0
Sao Tome and Principe,2020,10,34.0,1.0,2.941
Sao Tome and Principe,2020,11,46.0,1.0,2.174
Sao Tome and Principe,2020,12,23.0,0.0,0.0
Sao Tome and Principe,2021,1,243.0,0.0,0.0
Sao Tome and Principe,2021,2,529.0,12.0,2.268
Sao Tome and Principe,2021,3,437.0,5.0,1.144
Sao Tome and Principe,2021,4,79.0,1.0,1.266
Saudi Arabia,2020,4,21190.0,152.0,0.717
Saudi Arabia,2020,5,62508.0,341.0,0.546
Saudi Arabia,2020,6,105562.0,1146.0,1.086
Saudi Arabia,2020,7,85082.0,1217.0,1.43
Saudi Arabia,2020,8,39867.0,1031.0,2.586
Saudi Arabia,2020,9,18833.0,871.0,4.625
Saudi Arabia,2020,10,12677.0,634.0,5.001
Saudi Arabia,2020,11,10078.0,494.0,4.902
Saudi Arabia,2020,12,5381.0,327.0,6.077
Saudi Arabia,2021,1,5333.0,152.0,2.85
Saudi Arabia,2021,2,9309.0,119.0,1.278
Saudi Arabia,2021,3,12624.0,175.0,1.386
Saudi Arabia,2021,4,27356.0,288.0,1.053
Senegal,2020,4,758.0,9.0,1.187
Senegal,2020,5,2712.0,33.0,1.217
Senegal,2020,6,3148.0,70.0,2.224
Senegal,2020,7,3439.0,93.0,2.704
Senegal,2020,8,3379.0,79.0,2.338
Senegal,2020,9,1371.0,27.0,1.969
Senegal,2020,10,634.0,13.0,2.05
Senegal,2020,11,473.0,9.0,1.903
Senegal,2020,12,3051.0,77.0,2.524
Senegal,2021,1,7383.0,218.0,2.953
Senegal,2021,2,7997.0,244.0,3.051
Senegal,2021,3,4185.0,179.0,4.277
Senegal,2021,4,1639.0,56.0,3.417
Serbia,2020,4,8109.0,163.0,2.01
Serbia,2020,5,2403.0,64.0,2.663
Serbia,2020,6,3152.0,34.0,1.079
Serbia,2020,7,10988.0,296.0,2.694
Serbia,2020,8,5854.0,140.0,2.392
Serbia,2020,9,2145.0,36.0,1.678
Serbia,2020,10,13403.0,71.0,0.53
Serbia,2020,11,128484.0,784.0,0.61
Serbia,2020,12,162485.0,1607.0,0.989
Serbia,2021,1,57340.0,809.0,1.411
Serbia,2021,2,63996.0,423.0,0.661
Serbia,2021,3,141337.0,865.0,0.612
Serbia,2021,4,88961.0,1054.0,1.185
Seychelles,2020,4,1.0,0.0,0.0
Seychelles,2020,5,0.0,0.0,""
Seychelles,2020,6,70.0,0.0,0.0
Seychelles,2020,7,33.0,0.0,0.0
Seychelles,2020,8,22.0,0.0,0.0
Seychelles,2020,9,8.0,0.0,0.0
Seychelles,2020,10,9.0,0.0,0.0
Seychelles,2020,11,30.0,0.0,0.0
Seychelles,2020,12,73.0,0.0,0.0
Seychelles,2021,1,949.0,4.0,0.421
Seychelles,2021,2,1413.0,7.0,0.495
Seychelles,2021,3,1517.0,11.0,0.725
Seychelles,2021,4,1738.0,6.0,0.345
Sierra Leone,2020,4,123.0,7.0,5.691
Sierra Leone,2020,5,737.0,39.0,5.292
Sierra Leone,2020,6,601.0,14.0,2.329
Sierra Leone,2020,7,361.0,7.0,1.939
Sierra Leone,2020,8,199.0,3.0,1.508
Sierra Leone,2020,9,209.0,2.0,0.957
Sierra Leone,2020,10,135.0,2.0,1.481
Sierra Leone,2020,11,46.0,0.0,0.0
Sierra Leone,2020,12,199.0,2.0,1.005
Sierra Leone,2021,1,982.0,3.0,0.305
Sierra Leone,2021,2,294.0,0.0,0.0
Sierra Leone,2021,3,93.0,0.0,0.0
Sierra Leone,2021,4,74.0,0.0,0.0
Singapore,2020,4,15243.0,12.0,0.079
Singapore,2020,5,18715.0,8.0,0.043
Singapore,2020,6,9023.0,3.0,0.033
Singapore,2020,7,8298.0,1.0,0.012
Singapore,2020,8,4607.0,0.0,0.0
Singapore,2020,9,953.0,0.0,0.0
Singapore,2020,10,250.0,1.0,0.4
Singapore,2020,11,203.0,1.0,0.493
Singapore,2020,12,381.0,0.0,0.0
Singapore,2021,1,937.0,0.0,0.0
Singapore,2021,2,400.0,0.0,0.0
Singapore,2021,3,445.0,1.0,0.225
Singapore,2021,4,764.0,0.0,0.0
Slovakia,2020,4,1033.0,23.0,2.227
Slovakia,2020,5,125.0,5.0,4.0
Slovakia,2020,6,146.0,0.0,0.0
Slovakia,2020,7,625.0,1.0,0.16
Slovakia,2020,8,1625.0,4.0,0.246
Slovakia,2020,9,6224.0,15.0,0.241
Slovakia,2020,10,47523.0,171.0,0.36
Slovakia,2020,11,48265.0,620.0,1.285
Slovakia,2020,12,73614.0,1299.0,1.765
Slovakia,2021,1,70370.0,2504.0,3.558
Slovakia,2021,2,58170.0,2547.0,4.379
Slovakia,2021,3,53102.0,2530.0,4.764
Slovakia,2021,4,21026.0,1965.0,9.346
Slovenia,2020,4,627.0,76.0,12.121
Slovenia,2020,5,44.0,17.0,38.636
Slovenia,2020,6,127.0,3.0,2.362
Slovenia,2020,7,556.0,8.0,1.439
Slovenia,2020,8,727.0,14.0,1.926
Slovenia,2020,9,2807.0,17.0,0.606
Slovenia,2020,10,28617.0,188.0,0.657
Slovenia,2020,11,41507.0,1097.0,2.643
Slovenia,2020,12,46338.0,1262.0,2.723
Slovenia,2021,1,44321.0,806.0,1.819
Slovenia,2021,2,23608.0,333.0,1.411
Slovenia,2021,3,25521.0,211.0,0.827
Slovenia,2021,4,24690.0,203.0,0.822
Solomon Islands,2020,10,0.0,0.0,""
Solomon Islands,2020,11,9.0,0.0,0.0
Solomon Islands,2020,12,0.0,0.0,""
Solomon Islands,2021,1,0.0,0.0,""
Solomon Islands,2021,2,1.0,0.0,0.0
Solomon Islands,2021,3,1.0,0.0,0.0
Solomon Islands,2021,4,1.0,0.0,0.0
Somalia,2020,4,596.0,28.0,4.698
Somalia,2020,5,1375.0,50.0,3.636
Somalia,2020,6,948.0,12.0,1.266
Somalia,2020,7,288.0,3.0,1.042
Somalia,2020,8,98.0,5.0,5.102
Somalia,2020,9,278.0,1.0,0.36
Somalia,2020,10,353.0,5.0,1.416
Somalia,2020,11,510.0,9.0,1.765
Somalia,2020,12,263.0,17.0,6.464
Somalia,2021,1,70.0,0.0,0.0
Somalia,2021,2,2473.0,109.0,4.408
Somalia,2021,3,4141.0,290.0,7.003
Somalia,2021,4,2517.0,184.0,7.31
South Africa,2020,4,4294.0,98.0,2.282
South Africa,2020,5,27036.0,580.0,2.145
South Africa,2020,6,118526.0,1974.0,1.665
South Africa,2020,7,341974.0,5348.0,1.564
South Africa,2020,8,133858.0,6144.0,4.59
South Africa,2020,9,47298.0,2585.0,5.465
South Africa,2020,10,51113.0,2542.0,4.973
South Africa,2020,11,64552.0,2259.0,3.5
South Africa,2020,12,267157.0,6934.0,2.595
South Africa,2021,1,396600.0,15695.0,3.957
South Africa,2021,2,59632.0,5829.0,9.775
South Africa,2021,3,34764.0,2853.0,8.207
South Africa,2021,4,33053.0,1504.0,4.55
South Korea,2020,4,988.0,86.0,8.704
South Korea,2020,5,729.0,23.0,3.155
South Korea,2020,6,1347.0,11.0,0.817
South Korea,2020,7,1486.0,19.0,1.279
South Korea,2020,8,5846.0,23.0,0.393
South Korea,2020,9,3707.0,91.0,2.455
South Korea,2020,10,2746.0,51.0,1.857
South Korea,2020,11,8017.0,60.0,0.748
South Korea,2020,12,27117.0,391.0,1.442
South Korea,2021,1,16739.0,508.0,3.035
South Korea,2021,2,11523.0,180.0,1.562
South Korea,2021,3,13608.0,130.0,0.955
South Korea,2021,4,18995.0,96.0,0.505
South Sudan,2020,4,0.0,0.0,""
South Sudan,2020,5,959.0,10.0,1.043
South Sudan,2020,6,1013.0,28.0,2.764
South Sudan,2020,7,315.0,8.0,2.54
South Sudan,2020,8,205.0,1.0,0.488
South Sudan,2020,9,177.0,2.0,1.13
South Sudan,2020,10,201.0,9.0,4.478
South Sudan,2020,11,204.0,3.0,1.471
South Sudan,2020,12,449.0,2.0,0.445
South Sudan,2021,1,371.0,1.0,0.27
South Sudan,2021,2,3997.0,29.0,0.726
South Sudan,2021,3,2239.0,16.0,0.715
South Sudan,2021,4,418.0,6.0,1.435
Spain,2020,4,117512.0,16079.0,13.683
Spain,2020,5,26044.0,2584.0,9.922
Spain,2020,6,9792.0,1228.0,12.541
Spain,2020,7,39251.0,90.0,0.229
Spain,2020,8,174336.0,649.0,0.372
Spain,2020,9,306330.0,2697.0,0.88
Spain,2020,10,416490.0,4087.0,0.981
Spain,2020,11,462509.0,9191.0,1.987
Spain,2020,12,280078.0,5768.0,2.059
Spain,2021,1,814854.0,7482.0,0.918
Spain,2021,2,445434.0,10823.0,2.43
Spain,2021,3,95800.0,6317.0,6.594
Spain,2021,4,239724.0,2757.0,1.15
Sri Lanka,2020,4,520.0,5.0,0.962
Sri Lanka,2020,5,970.0,3.0,0.309
Sri Lanka,2020,6,414.0,1.0,0.242
Sri Lanka,2020,7,768.0,0.0,0.0
Sri Lanka,2020,8,234.0,1.0,0.427
Sri Lanka,2020,9,331.0,1.0,0.302
Sri Lanka,2020,10,7283.0,7.0,0.096
Sri Lanka,2020,11,13324.0,98.0,0.736
Sri Lanka,2020,12,19312.0,86.0,0.445
Sri Lanka,2021,1,20858.0,112.0,0.537
Sri Lanka,2021,2,18937.0,148.0,0.782
Sri Lanka,2021,3,9612.0,104.0,1.082
Sri Lanka,2021,4,15440.0,110.0,0.712
Sudan,2020,4,368.0,29.0,7.88
Sudan,2020,5,4425.0,255.0,5.763
Sudan,2020,6,4572.0,286.0,6.255
Sudan,2020,7,2207.0,174.0,7.884
Sudan,2020,8,1610.0,77.0,4.783
Sudan,2020,9,457.0,13.0,2.845
Sudan,2020,10,158.0,1.0,0.633
Sudan,2020,11,4241.0,412.0,9.715
Sudan,2020,12,7455.0,219.0,2.938
Sudan,2021,1,3880.0,339.0,8.737
Sudan,2021,2,967.0,73.0,7.549
Sudan,2021,3,1486.0,183.0,12.315
Sudan,2021,4,2111.0,286.0,13.548
Suriname,2020,4,1.0,1.0,100.0
Suriname,2020,5,13.0,0.0,0.0
Suriname,2020,6,492.0,12.0,2.439
Suriname,2020,7,1135.0,13.0,1.145
Suriname,2020,8,2384.0,45.0,1.888
Suriname,2020,9,843.0,33.0,3.915
Suriname,2020,10,326.0,7.0,2.147
Suriname,2020,11,109.0,6.0,5.505
Suriname,2020,12,898.0,5.0,0.557
Suriname,2021,1,2228.0,32.0,1.436
Suriname,2021,2,491.0,18.0,3.666
Suriname,2021,3,193.0,5.0,2.591
Suriname,2021,4,1241.0,27.0,2.176
Sweden,2020,4,16657.0,2406.0,14.444
Sweden,2020,5,16450.0,1809.0,10.997
Sweden,2020,6,30909.0,938.0,3.035
Sweden,2020,7,11971.0,410.0,3.425
Sweden,2020,8,3957.0,65.0,1.643
Sweden,2020,9,8484.0,85.0,1.002
Sweden,2020,10,31492.0,45.0,0.143
Sweden,2020,11,118774.0,743.0,0.626
Sweden,2020,12,194250.0,2046.0,1.053
Sweden,2021,1,129578.0,2864.0,2.21
Sweden,2021,2,90352.0,1235.0,1.367
Sweden,2021,3,147577.0,639.0,0.433
Sweden,2021,4,168718.0,583.0,0.346
Switzerland,2020,4,12981.0,1304.0,10.045
Switzerland,2020,5,1276.0,183.0,14.342
Switzerland,2020,6,852.0,43.0,5.047
Switzerland,2020,7,3518.0,18.0,0.512
Switzerland,2020,8,6945.0,25.0,0.36
Switzerland,2020,9,11105.0,68.0,0.612
Switzerland,2020,10,100969.0,223.0,0.221
Switzerland,2020,11,172821.0,2518.0,1.457
Switzerland,2020,12,125224.0,2830.0,2.26
Switzerland,2021,1,69024.0,1736.0,2.515
Switzerland,2021,2,33612.0,585.0,1.74
Switzerland,2021,3,46192.0,371.0,0.803
Switzerland,2021,4,58850.0,295.0,0.501
Syria,2020,4,33.0,1.0,3.03
Syria,2020,5,79.0,2.0,2.532
Syria,2020,6,157.0,4.0,2.548
Syria,2020,7,478.0,34.0,7.113
Syria,2020,8,2008.0,69.0,3.436
Syria,2020,9,1435.0,88.0,6.132
Syria,2020,10,1528.0,88.0,5.759
Syria,2020,11,2159.0,129.0,5.975
Syria,2020,12,3547.0,294.0,8.289
Syria,2021,1,2614.0,210.0,8.034
Syria,2021,2,1540.0,106.0,6.883
Syria,2021,3,3321.0,238.0,7.167
Syria,2021,4,3824.0,327.0,8.551
Taiwan,2020,4,107.0,1.0,0.935
Taiwan,2020,5,13.0,1.0,7.692
Taiwan,2020,6,5.0,0.0,0.0
Taiwan,2020,7,20.0,0.0,0.0
Taiwan,2020,8,21.0,0.0,0.0
Taiwan,2020,9,26.0,0.0,0.0
Taiwan,2020,10,41.0,0.0,0.0
Taiwan,2020,11,120.0,0.0,0.0
Taiwan,2020,12,124.0,0.0,0.0
Taiwan,2021,1,112.0,1.0,0.893
Taiwan,2021,2,44.0,1.0,2.273
Taiwan,2021,3,75.0,1.0,1.333
Taiwan,2021,4,98.0,2.0,2.041
Tajikistan,2020,4,0.0,0.0,""
Tajikistan,2020,5,3915.0,47.0,1.201
Tajikistan,2020,6,1970.0,5.0,0.254
Tajikistan,2020,7,1509.0,8.0,0.53
Tajikistan,2020,8,1174.0,8.0,0.681
Tajikistan,2020,9,1186.0,8.0,0.675
Tajikistan,2020,10,1248.0,6.0,0.481
Tajikistan,2020,11,1177.0,4.0,0.34
Tajikistan,2020,12,1102.0,4.0,0.363
Tajikistan,2021,1,12.0,0.0,0.0
Tajikistan,2021,2,0.0,0.0,""
Tajikistan,2021,3,0.0,0.0,""
Tajikistan,2021,4,0.0,0.0,""
Tanzania,2020,4,461.0,15.0,3.254
Tanzania,2020,5,29.0,5.0,17.241
Tanzania,2020,6,0.0,0.0,""
Tanzania,2020,7,0.0,0.0,""
Tanzania,2020,8,0.0,0.0,""
Tanzania,2020,9,0.0,0.0,""
Tanzania,2020,10,0.0,0.0,""
Tanzania,2020,11,0.0,0.0,""
Tanzania,2020,12,0.0,0.0,""
Tanzania,2021,1,0.0,0.0,""
Tanzania,2021,2,0.0,0.0,""
Tanzania,2021,3,0.0,0.0,""
Tanzania,2021,4,0.0,0.0,""
Thailand,2020,4,1303.0,44.0,3.377
Thailand,2020,5,127.0,3.0,2.362
Thailand,2020,6,90.0,1.0,1.111
Thailand,2020,7,139.0,0.0,0.0
Thailand,2020,8,102.0,0.0,0.0
Thailand,2020,9,157.0,1.0,0.637
Thailand,2020,10,215.0,0.0,0.0
Thailand,2020,11,224.0,1.0,0.446
Thailand,2020,12,3155.0,3.0,0.095
Thailand,2021,1,12455.0,14.0,0.112
Thailand,2021,2,6413.0,6.0,0.094
Thailand,2021,3,2832.0,11.0,0.388
Thailand,2021,4,36290.0,109.0,0.3
Timor-Leste,2020,4,23.0,0.0,0.0
Timor-Leste,2020,5,0.0,0.0,""
Timor-Leste,2020,6,0.0,0.0,""
Timor-Leste,2020,7,0.0,0.0,""
Timor-Leste,2020,8,3.0,0.0,0.0
Timor-Leste,2020,9,1.0,0.0,0.0
Timor-Leste,2020,10,2.0,0.0,0.0
Timor-Leste,2020,11,0.0,0.0,""
Timor-Leste,2020,12,14.0,0.0,0.0
Timor-Leste,2021,1,26.0,0.0,0.0
Timor-Leste,2021,2,43.0,0.0,0.0
Timor-Leste,2021,3,491.0,0.0,0.0
Timor-Leste,2021,4,1672.0,3.0,0.179
Togo,2020,4,82.0,8.0,9.756
Togo,2020,5,326.0,4.0,1.227
Togo,2020,6,208.0,1.0,0.481
Togo,2020,7,291.0,5.0,1.718
Togo,2020,8,459.0,9.0,1.961
Togo,2020,9,384.0,20.0,5.208
Togo,2020,10,547.0,9.0,1.645
Togo,2020,11,643.0,7.0,1.089
Togo,2020,12,659.0,4.0,0.607
Togo,2021,1,1441.0,9.0,0.625
Togo,2021,2,1827.0,7.0,0.383
Togo,2021,3,3348.0,25.0,0.747
Togo,2021,4,2718.0,14.0,0.515
Trinidad and Tobago,2020,4,29.0,5.0,17.241
Trinidad and Tobago,2020,5,1.0,0.0,0.0
Trinidad and Tobago,2020,6,13.0,0.0,0.0
Trinidad and Tobago,2020,7,39.0,0.0,0.0
Trinidad and Tobago,2020,8,1590.0,14.0,0.881
Trinidad and Tobago,2020,9,2772.0,54.0,1.948
Trinidad and Tobago,2020,10,1161.0,32.0,2.756
Trinidad and Tobago,2020,11,977.0,12.0,1.228
Trinidad and Tobago,2020,12,481.0,7.0,1.455
Trinidad and Tobago,2021,1,414.0,7.0,1.691
Trinidad and Tobago,2021,2,149.0,5.0,3.356
Trinidad and Tobago,2021,3,313.0,3.0,0.958
Trinidad and Tobago,2021,4,2798.0,27.0,0.965
Tunisia,2020,4,600.0,31.0,5.167
Tunisia,2020,5,83.0,7.0,8.434
Tunisia,2020,6,97.0,2.0,2.062
Tunisia,2020,7,361.0,0.0,0.0
Tunisia,2020,8,2268.0,27.0,1.19
Tunisia,2020,9,14610.0,188.0,1.287
Tunisia,2020,10,41400.0,1052.0,2.541
Tunisia,2020,11,36956.0,1943.0,5.258
Tunisia,2020,12,42371.0,1416.0,3.342
Tunisia,2021,1,69745.0,2078.0,2.979
Tunisia,2021,2,24392.0,1247.0,5.112
Tunisia,2021,3,20741.0,811.0,3.91
Tunisia,2021,4,55101.0,1910.0,3.466
Turkey,2020,4,106673.0,2960.0,2.775
Turkey,2020,5,43738.0,1366.0,3.123
Turkey,2020,6,35964.0,591.0,1.643
Turkey,2020,7,30967.0,560.0,1.808
Turkey,2020,8,39260.0,679.0,1.729
Turkey,2020,9,48530.0,1825.0,3.761
Turkey,2020,10,56704.0,2057.0,3.628
Turkey,2020,11,263480.0,3494.0,1.326
Turkey,2020,12,1569805.0,7135.0,0.455
Turkey,2021,1,268811.0,5112.0,1.902
Turkey,2021,2,224125.0,2576.0,1.149
Turkey,2021,3,615594.0,2968.0,0.482
Turkey,2021,4,1503409.0,8594.0,0.572
UK,2020,4,147000.0,25049.0,17.04
UK,2020,5,103675.0,11729.0,11.313
UK,2020,6,38004.0,5244.0,13.799
UK,2020,7,-9367.0,2389.0,-25.504
UK,2020,8,33290.0,-4615.0,-13.863
UK,2020,9,117765.0,644.0,0.547
UK,2020,10,558947.0,4412.0,0.789
UK,2020,11,618941.0,11900.0,1.923
UK,2020,12,862499.0,15077.0,1.748
UK,2021,1,1331952.0,32745.0,2.458
UK,2021,2,360640.0,16716.0,4.635
UK,2021,3,171155.0,3872.0,2.262
UK,2021,4,72264.0,820.0,1.135
US,2020,4,881986.0,59448.0,6.74
US,2020,5,721395.0,41295.0,5.724
US,2020,6,855052.0,22614.0,2.645
US,2020,7,1929871.0,26175.0,1.356
US,2020,8,1468279.0,30300.0,2.064
US,2020,9,1212599.0,23388.0,1.929
US,2020,10,1935418.0,24299.0,1.255
US,2020,11,4477315.0,39571.0,0.884
US,2020,12,6429031.0,81097.0,1.261
US,2021,1,6147690.0,97248.0,1.582
US,2021,2,2401691.0,65623.0,2.732
US,2021,3,1813466.0,37531.0,2.07
US,2021,4,1884761.0,23737.0,1.259
Uganda,2020,4,39.0,0.0,0.0
Uganda,2020,5,334.0,0.0,0.0
Uganda,2020,6,472.0,0.0,0.0
Uganda,2020,7,265.0,3.0,1.132
Uganda,2020,8,1818.0,29.0,1.595
Uganda,2020,9,5157.0,43.0,0.834
Uganda,2020,10,4366.0,36.0,0.825
Uganda,2020,11,7964.0,94.0,1.18
Uganda,2020,12,14757.0,46.0,0.312
Uganda,2021,1,4363.0,73.0,1.673
Uganda,2021,2,778.0,10.0,1.285
Uganda,2021,3,510.0,1.0,0.196
Uganda,2021,4,999.0,7.0,0.701
Ukraine,2020,4,9761.0,244.0,2.5
Ukraine,2020,5,13266.0,447.0,3.37
Ukraine,2020,6,21582.0,465.0,2.155
Ukraine,2020,7,26150.0,544.0,2.08
Ukraine,2020,8,52728.0,888.0,1.684
Ukraine,2020,9,90314.0,1616.0,1.789
Ukraine,2020,10,184884.0,3178.0,1.719
Ukraine,2020,11,353013.0,5332.0,1.51
Ukraine,2020,12,334654.0,6550.0,1.957
Ukraine,2021,1,174549.0,4579.0,2.623
Ukraine,2021,2,133982.0,3544.0,2.645
Ukraine,2021,3,329501.0,7052.0,2.14
Ukraine,2021,4,399041.0,11467.0,2.874
United Arab Emirates,2020,4,11817.0,99.0,0.838
United Arab Emirates,2020,5,22076.0,159.0,0.72
United Arab Emirates,2020,6,14110.0,51.0,0.361
United Arab Emirates,2020,7,11839.0,36.0,0.304
United Arab Emirates,2020,8,9725.0,33.0,0.339
United Arab Emirates,2020,9,23959.0,35.0,0.146
United Arab Emirates,2020,10,38439.0,76.0,0.198
United Arab Emirates,2020,11,36231.0,77.0,0.213
United Arab Emirates,2020,12,38962.0,97.0,0.249
United Arab Emirates,2021,1,95787.0,181.0,0.189
United Arab Emirates,2021,2,87915.0,371.0,0.422
United Arab Emirates,2021,3,69920.0,276.0,0.395
United Arab Emirates,2021,4,58792.0,90.0,0.153
Uruguay,2020,4,305.0,16.0,5.246
Uruguay,2020,5,180.0,5.0,2.778
Uruguay,2020,6,113.0,5.0,4.425
Uruguay,2020,7,328.0,8.0,2.439
Uruguay,2020,8,331.0,9.0,2.719
Uruguay,2020,9,451.0,4.0,0.887
Uruguay,2020,10,1078.0,10.0,0.928
Uruguay,2020,11,2733.0,19.0,0.695
Uruguay,2020,12,13262.0,104.0,0.784
Uruguay,2021,1,22619.0,255.0,1.127
Uruguay,2021,2,16256.0,172.0,1.058
Uruguay,2021,3,47555.0,366.0,0.77
Uruguay,2021,4,92879.0,1642.0,1.768
Uzbekistan,2020,4,1867.0,7.0,0.375
Uzbekistan,2020,5,1584.0,6.0,0.379
Uzbekistan,2020,6,4880.0,11.0,0.225
Uzbekistan,2020,7,15506.0,115.0,0.742
Uzbekistan,2020,8,17884.0,179.0,1.001
Uzbekistan,2020,9,14824.0,150.0,1.012
Uzbekistan,2020,10,10215.0,96.0,0.94
Uzbekistan,2020,11,6162.0,44.0,0.714
Uzbekistan,2020,12,3966.0,4.0,0.101
Uzbekistan,2021,1,1651.0,7.0,0.424
Uzbekistan,2021,2,1215.0,1.0,0.082
Uzbekistan,2021,3,2943.0,7.0,0.238
Uzbekistan,2021,4,7939.0,20.0,0.252
Vanuatu,2020,11,0.0,0.0,""
Vanuatu,2020,12,0.0,0.0,""
Vanuatu,2021,1,0.0,0.0,""
Vanuatu,2021,2,0.0,0.0,""
Vanuatu,2021,3,2.0,0.0,0.0
Vanuatu,2021,4,1.0,1.0,100.0
Venezuela,2020,4,198.0,13.0,6.566
Venezuela,2020,5,1177.0,-2.0,-0.17
Venezuela,2020,6,4322.0,37.0,0.856
Venezuela,2020,7,12742.0,113.0,0.887
Venezuela,2020,8,28154.0,222.0,0.789
Venezuela,2020,9,28394.0,242.0,0.852
Venezuela,2020,10,16891.0,170.0,1.006
Venezuela,2020,11,10381.0,99.0,0.954
Venezuela,2020,12,11164.0,131.0,1.173
Venezuela,2021,1,13369.0,161.0,1.204
Venezuela,2021,2,12189.0,155.0,1.272
Venezuela,2021,3,21381.0,258.0,1.207
Venezuela,2021,4,37186.0,534.0,1.436
Vietnam,2020,4,58.0,0.0,0.0
Vietnam,2020,5,58.0,0.0,0.0
Vietnam,2020,6,27.0,0.0,0.0
Vietnam,2020,7,203.0,3.0,1.478
Vietnam,2020,8,486.0,31.0,6.379
Vietnam,2020,9,50.0,1.0,2.0
Vietnam,2020,10,86.0,0.0,0.0
Vietnam,2020,11,167.0,0.0,0.0
Vietnam,2020,12,118.0,0.0,0.0
Vietnam,2021,1,352.0,0.0,0.0
Vietnam,2021,2,631.0,0.0,0.0
Vietnam,2021,3,155.0,0.0,0.0
Vietnam,2021,4,325.0,0.0,0.0
West Bank and Gaza,2020,4,225.0,1.0,0.444
West Bank and Gaza,2020,5,104.0,1.0,0.962
West Bank and Gaza,2020,6,1980.0,5.0,0.253
West Bank and Gaza,2020,7,9409.0,74.0,0.786
West Bank and Gaza,2020,8,10892.0,70.0,0.643
West Bank and Gaza,2020,9,17170.0,159.0,0.926
West Bank and Gaza,2020,10,13621.0,172.0,1.263
West Bank and Gaza,2020,11,32127.0,249.0,0.775
West Bank and Gaza,2020,12,52357.0,668.0,1.276
West Bank and Gaza,2021,1,20958.0,433.0,2.066
West Bank and Gaza,2021,2,24650.0,209.0,0.848
West Bank and Gaza,2021,3,58741.0,585.0,0.996
West Bank and Gaza,2021,4,54109.0,622.0,1.15
Yemen,2020,4,0.0,0.0,""
Yemen,2020,5,317.0,78.0,24.606
Yemen,2020,6,835.0,232.0,27.784
Yemen,2020,7,570.0,181.0,31.754
Yemen,2020,8,230.0,73.0,31.739
Yemen,2020,9,76.0,21.0,27.632
Yemen,2020,10,29.0,12.0,41.379
Yemen,2020,11,14.0,6.0,42.857
Yemen,2020,12,22.0,5.0,22.727
Yemen,2021,1,22.0,5.0,22.727
Yemen,2021,2,164.0,19.0,11.585
Yemen,2021,3,2072.0,254.0,12.259
Yemen,2021,4,1960.0,338.0,17.245
Zambia,2020,4,71.0,3.0,4.225
Zambia,2020,5,951.0,4.0,0.421
Zambia,2020,6,537.0,17.0,3.166
Zambia,2020,7,4369.0,127.0,2.907
Zambia,2020,8,6134.0,137.0,2.233
Zambia,2020,9,2662.0,44.0,1.653
Zambia,2020,10,1673.0,17.0,1.016
Zambia,2020,11,1215.0,8.0,0.658
Zambia,2020,12,3078.0,31.0,1.007
Zambia,2021,1,33492.0,375.0,1.12
Zambia,2021,2,24317.0,328.0,1.349
Zambia,2021,3,9884.0,117.0,1.184
Zambia,2021,4,3168.0,43.0,1.357
Zimbabwe,2020,4,32.0,3.0,9.375
Zimbabwe,2020,5,138.0,0.0,0.0
Zimbabwe,2020,6,413.0,3.0,0.726
Zimbabwe,2020,7,2578.0,60.0,2.327
Zimbabwe,2020,8,3328.0,135.0,4.056
Zimbabwe,2020,9,1341.0,26.0,1.939
Zimbabwe,2020,10,529.0,15.0,2.836
Zimbabwe,2020,11,1583.0,33.0,2.085
Zimbabwe,2020,12,3917.0,87.0,2.221
Zimbabwe,2021,1,19521.0,854.0,4.375
Zimbabwe,2021,2,2701.0,246.0,9.108
Zimbabwe,2021,3,793.0,60.0,7.566
Zimbabwe,2021,4,1375.0,44.0,3.2
